fecha,UI,abierto/cerrado
2010-03-04,745.725,0
2010-03-05,465.7925,0
2010-03-06,736.2574999999999,0
2010-03-07,430.4565,0
2010-03-08,1628.8325,0
2010-03-09,1532.295,0
2010-03-10,1397.885,0
2010-03-11,2155.4,0
2010-03-12,2112.725,0
2010-03-13,1100.245,0
2010-03-14,632.265,0
2010-03-15,1.0911750000000002,0
2010-03-16,-100.925,0
2010-03-17,-156.33350000000002,0
2010-03-18,-1387.9325,0
2010-03-19,-940.04,0
2010-03-20,-640.18725,0
2010-03-21,945.0725,0
2010-03-22,-181.22249999999997,0
2010-03-23,-337.575,0
2010-03-24,-1412.76,0
2010-03-25,-2889.025,0
2010-03-26,-3383.9500000000003,0
2010-03-27,-600.8,0
2010-03-28,-363.07375,0
2010-03-29,-3387.3,0
2010-03-30,-369.8775,0
2010-03-31,-497.99125,0
2010-04-01,-238.621,0
2010-04-02,-1085.91,0
2010-04-03,-278.7075,0
2010-04-04,85.6698,0
2010-04-05,-0.3720000000000001,0
2010-04-06,-91.70925,0
2010-04-07,1135.94725,0
2010-04-08,672.825,0
2010-04-09,129.81775,0
2010-04-10,176.668775,0
2010-04-11,419.40625,0
2010-04-12,3883.0,0
2010-04-13,2061.3,0
2010-04-14,855.1575,0
2010-04-15,498.225,0
2010-04-16,85.75935,0
2010-04-17,-65.83375000000001,0
2010-04-18,44.4917,0
2010-04-19,26.558612500000002,0
2010-04-20,9.727775000000001,0
2010-04-21,38.594375,0
2010-04-22,131.538,0
2010-04-23,41.4245,0
2010-04-24,-268.69,0
2010-04-25,200.06325,0
2010-04-26,379.42,0
2010-04-27,197.101475,0
2010-04-28,560.7375,0
2010-04-29,151.77775,0
2010-04-30,165.88,0
2010-05-01,697.2825,0
2010-05-02,1161.17,0
2010-05-03,1886.6,0
2010-05-04,1974.9924999999998,0
2010-05-05,2079.38,0
2010-05-06,2820.0,0
2010-05-07,146.3855,0
2010-05-08,218.47342500000002,0
2010-05-09,-1771.5675,0
2010-05-10,-1340.3120000000001,0
2010-05-11,1285.875,0
2010-05-12,1082.5725,0
2010-05-13,1091.3325,0
2010-05-14,396.54235,0
2010-05-15,585.0175,0
2010-05-16,1268.635,0
2010-05-17,863.8000000000001,0
2010-05-18,293.5575,0
2010-05-19,1114.7150000000001,0
2010-05-20,441.28749999999997,0
2010-05-21,104.7205,0
2010-05-22,43.83985,0
2010-05-23,8.0389675,0
2010-05-24,-154.434,0
2010-05-25,-1562.8,0
2010-05-26,-203.32035000000002,0
2010-05-27,-3.9880000000000013,0
2010-05-28,43.61875,0
2010-05-29,-162.661,0
2010-05-30,16.579500000000003,0
2010-05-31,1397.2375,0
2010-06-01,1780.6,0
2010-06-02,1578.125,0
2010-06-03,248.3265,0
2010-06-04,824.76225,1
2010-06-05,1578.9975,1
2010-06-06,1206.45,1
2010-06-07,508.12,1
2010-06-08,-462.855,1
2010-06-09,1474.9899999999998,1
2010-06-10,293.89125,1
2010-06-11,822.9175,1
2010-06-12,1393.02525,1
2010-06-13,4198.95,1
2010-06-14,3289.05,1
2010-06-15,3051.725,1
2010-06-16,3581.1,1
2010-06-17,2735.95,1
2010-06-18,3479.7749999999996,0
2010-06-19,2663.925,0
2010-06-20,2439.85,0
2010-06-21,825.74,0
2010-06-22,234.055,0
2010-06-23,179.526,0
2010-06-24,112.43074999999999,0
2010-06-25,297.07075000000003,0
2010-06-26,1161.3274999999999,0
2010-06-27,2824.075,0
2010-06-28,557.83975,0
2010-06-29,1924.0025,0
2010-06-30,1551.97,0
2010-07-01,-60.78109499999999,0
2010-07-02,1402.745,1
2010-07-03,5771.775,1
2010-07-04,5060.825,1
2010-07-05,5884.85,1
2010-07-06,3894.55,1
2010-07-07,1460.56,1
2010-07-08,662.37275,1
2010-07-09,896.3675000000001,1
2010-07-10,135.9945,1
2010-07-11,22.663,1
2010-07-12,-584.1,1
2010-07-13,-273.61675,1
2010-07-14,-213.80624999999998,1
2010-07-15,-596.2427,1
2010-07-16,158.1125,1
2010-07-17,3322.3725,1
2010-07-18,1558.705,1
2010-07-19,2385.195,1
2010-07-20,135.34125,1
2010-07-21,554.5725,1
2010-07-22,1493.3025,1
2010-07-23,3291.025,1
2010-07-24,3995.5,1
2010-07-25,3738.0,1
2010-07-26,2918.8,1
2010-07-27,964.4100000000001,1
2010-07-28,657.391,1
2010-07-29,5380.549999999999,1
2010-07-30,2828.8,1
2010-07-31,4699.85,1
2010-08-01,4638.45,1
2010-08-02,2849.045,1
2010-08-03,3628.1749999999997,1
2010-08-04,3199.575,1
2010-08-05,3335.625,1
2010-08-06,3573.25,1
2010-08-07,3407.775,1
2010-08-08,1910.42,1
2010-08-09,1818.8600000000001,1
2010-08-10,1270.7375,1
2010-08-11,484.94,1
2010-08-12,2434.785,1
2010-08-13,4469.674999999999,1
2010-08-14,3676.675,1
2010-08-15,4143.375,1
2010-08-16,3279.55,1
2010-08-17,1787.5249999999999,1
2010-08-18,106.621,1
2010-08-19,-25.11425,1
2010-08-20,-12.546152499999998,1
2010-08-21,310.177775,1
2010-08-22,8.077149999999989,1
2010-08-23,-631.79,1
2010-08-24,-150.71599999999998,1
2010-08-25,-458.05925,1
2010-08-26,-854.5145,1
2010-08-27,-235.956,1
2010-08-28,1418.9825,1
2010-08-29,1266.1999999999998,1
2010-08-30,551.98025,1
2010-08-31,66.50265,1
2010-09-01,6.238424999999999,1
2010-09-02,87.83875,1
2010-09-03,-10.669750000000008,1
2010-09-04,688.825,1
2010-09-05,35.91975,1
2010-09-06,-712.4300000000001,1
2010-09-07,-614.7575,1
2010-09-08,-246.56875000000002,1
2010-09-09,28.12775,1
2010-09-10,308.3175,1
2010-09-11,953.6775,1
2010-09-12,4993.575,1
2010-09-13,971.45025,1
2010-09-14,52.87905,1
2010-09-15,28.113475,1
2010-09-16,953.3325,1
2010-09-17,4327.6,1
2010-09-18,2684.925,1
2010-09-19,528.60225,1
2010-09-20,56.602500000000006,1
2010-09-21,-37.373000000000005,1
2010-09-22,-25.17185,1
2010-09-23,-408.0,1
2010-09-24,254.592175,1
2010-09-25,1045.9775,1
2010-09-26,1467.2275,1
2010-09-27,394.035175,1
2010-09-28,-128.1365,1
2010-09-29,439.86424999999997,1
2010-09-30,183.798,1
2010-10-01,-317.08,1
2010-10-02,,1
2010-10-03,,1
2010-10-04,,1
2010-10-05,,1
2010-10-06,,1
2010-10-07,,1
2010-10-08,,1
2010-10-09,,1
2010-10-10,,1
2010-10-11,1810.03675,1
2010-10-12,1368.3425,1
2010-10-13,329.28499999999997,1
2010-10-14,763.6625,1
2010-10-15,1839.325,1
2010-10-16,1204.0900000000001,1
2010-10-17,1524.815,1
2010-10-18,890.19,1
2010-10-19,377.1625,1
2010-10-20,504.172,1
2010-10-21,-275.1887,1
2010-10-22,-372.95625,1
2010-10-23,24.1475,1
2010-10-24,10.53175,1
2010-10-25,1082.93,1
2010-10-26,39.245775,1
2010-10-27,-92.54785000000001,1
2010-10-28,-515.225,1
2010-10-29,-1621.1975,1
2010-10-30,-3100.775,1
2010-10-31,899.775,1
2010-11-01,607.99,1
2010-11-02,-59.111200000000004,1
2010-11-03,-38.77182500000001,1
2010-11-04,575.9449999999999,1
2010-11-05,223.79125,1
2010-11-06,180.7825,1
2010-11-07,568.1899999999999,1
2010-11-08,-737.4449999999999,1
2010-11-09,354.73799999999994,1
2010-11-10,111.33375,1
2010-11-11,-1540.0700000000002,1
2010-11-12,-2078.775,1
2010-11-13,-4999.35,1
2010-11-14,-216.03975,1
2010-11-15,-124.62975000000002,1
2010-11-16,-3298.4925000000003,1
2010-11-17,-203.981655,1
2010-11-18,-374.1425,1
2010-11-19,-1481.8874999999998,1
2010-11-20,-200.615,0
2010-11-21,1483.6325,0
2010-11-22,79.215,0
2010-11-23,-208.948,0
2010-11-24,540.08,0
2010-11-25,88.04325,0
2010-11-26,338.4825,0
2010-11-27,-11.908250000000002,0
2010-11-28,-25.147749999999995,0
2010-11-29,-771.3125,0
2010-11-30,-310.44,0
2010-12-01,1.6895000000000007,0
2010-12-02,36.979749999999996,0
2010-12-03,-165.551925,0
2010-12-04,-3094.125,0
2010-12-05,-2907.8,0
2010-12-06,-1156.52,0
2010-12-07,-1907.0375000000001,0
2010-12-08,915.5325,0
2010-12-09,1354.5625,0
2010-12-10,-97.92125,0
2010-12-11,-221.20875,0
2010-12-12,-788.0325,0
2010-12-13,,0
2010-12-14,476.4125,0
2010-12-15,1005.625,0
2010-12-16,98.91775,0
2010-12-17,-71.07424999999998,0
2010-12-18,-66.96875,0
2010-12-19,-1376.2925,0
2010-12-20,-1253.9925,0
2010-12-21,767.8025,0
2010-12-22,3158.4825,0
2010-12-23,920.9125,0
2010-12-24,-210.55075,0
2010-12-25,-128.02125,0
2010-12-26,-651.9275,0
2010-12-27,-4901.375,0
2010-12-28,-1405.3225,0
2010-12-29,-1552.6125000000002,0
2010-12-30,-890.9625000000001,0
2010-12-31,-329.308,0
2011-01-01,-167.55525,0
2011-01-02,0.4323999999999999,0
2011-01-03,-662.925,0
2011-01-04,-1017.55,0
2011-01-05,-2101.0,0
2011-01-06,-2197.8325,0
2011-01-07,-5027.475,0
2011-01-08,-1880.02045,0
2011-01-09,252.21759749999998,0
2011-01-10,-2239.84,0
2011-01-11,-659.5775,0
2011-01-12,-750.535,0
2011-01-13,-673.4725000000001,0
2011-01-14,-1406.5549999999998,0
2011-01-15,-1263.7975000000001,0
2011-01-16,-2888.875,0
2011-01-17,120.89949999999999,0
2011-01-18,1018.54,0
2011-01-19,-461.255,0
2011-01-20,-136.69899999999998,0
2011-01-21,-61.519000000000005,0
2011-01-22,339.30725,0
2011-01-23,1055.2475,0
2011-01-24,163.84,0
2011-01-25,101.5447,0
2011-01-26,168.3435,0
2011-01-27,-4.868249999999999,0
2011-01-28,350.0822,0
2011-01-29,701.4,0
2011-01-30,760.1802,0
2011-01-31,294.50350000000003,0
2011-02-01,487.265,0
2011-02-02,63.48175,0
2011-02-03,169.46175,0
2011-02-04,-7.44285,0
2011-02-05,6.37725,0
2011-02-06,-177.61175,0
2011-02-07,-1285.5025,0
2011-02-08,-3534.55,0
2011-02-09,-2132.35,0
2011-02-10,-1877.4,0
2011-02-11,-2642.82125,0
2011-02-12,-577.507,0
2011-02-13,-2856.5575,0
2011-02-14,-2081.1125,0
2011-02-15,-943.3525,0
2011-02-16,-3450.05,0
2011-02-17,609.64425,0
2011-02-18,-2982.375,0
2011-02-19,-146.87825,0
2011-02-20,-1069.3925,0
2011-02-21,-1169.1999999999998,0
2011-02-22,7.008524999999999,0
2011-02-23,-44.7191925,0
2011-02-24,78.3759,0
2011-02-25,147.645,0
2011-02-26,347.05500000000006,0
2011-02-27,788.14,0
2011-02-28,776.5150000000001,0
2011-03-01,1129.0025,0
2011-03-02,1551.7175,0
2011-03-03,1347.7775,0
2011-03-04,317.2265,0
2011-03-05,-113.922225,0
2011-03-06,68.02275,0
2011-03-07,101.41075,0
2011-03-08,320.57975,0
2011-03-09,2205.33,0
2011-03-10,780.6975,0
2011-03-11,-59.6862,0
2011-03-12,-82.32,0
2011-03-13,921.6597499999999,0
2011-03-14,953.6775,0
2011-03-15,-594.85675,0
2011-03-16,485.662625,0
2011-03-17,544.16075,0
2011-03-18,293.14725,0
2011-03-19,771.84,0
2011-03-20,389.4275,0
2011-03-21,418.65725,0
2011-03-22,870.0047500000001,0
2011-03-23,171.021,0
2011-03-24,,0
2011-03-25,,0
2011-03-26,,0
2011-03-27,,0
2011-03-28,,0
2011-03-29,,0
2011-03-30,,0
2011-03-31,,0
2011-04-01,,0
2011-04-02,,0
2011-04-03,,0
2011-04-04,,0
2011-04-05,,0
2011-04-06,,0
2011-04-07,,0
2011-04-08,,0
2011-04-09,,0
2011-04-10,,0
2011-04-11,,0
2011-04-12,1935.85,0
2011-04-13,832.9175,0
2011-04-14,2951.225,0
2011-04-15,3266.775,0
2011-04-16,1295.5497500000001,0
2011-04-17,7.746299999999998,0
2011-04-18,9.244250000000001,0
2011-04-19,19.40100000000001,1
2011-04-20,226.527305,1
2011-04-21,409.16625,1
2011-04-22,506.254,1
2011-04-23,2667.275,1
2011-04-24,3879.425,1
2011-04-25,3278.125,1
2011-04-26,2222.775,1
2011-04-27,555.63175,1
2011-04-28,159.735,1
2011-04-29,94.3319125,1
2011-04-30,949.06145,1
2011-05-01,1117.9025000000001,1
2011-05-02,1327.75,1
2011-05-03,-7.850000000000001,1
2011-05-04,-632.9625,1
2011-05-05,-840.7475000000001,1
2011-05-06,,1
2011-05-07,-2750.125,1
2011-05-08,-1087.1125,1
2011-05-09,225.34499999999997,1
2011-05-10,2627.4750000000004,1
2011-05-11,2287.75,1
2011-05-12,2524.15,1
2011-05-13,733.08,1
2011-05-14,6580.85,1
2011-05-15,3459.175,1
2011-05-16,401.17499999999995,1
2011-05-17,624.375,1
2011-05-18,3891.75,1
2011-05-19,4560.2,1
2011-05-20,3063.075,1
2011-05-21,660.62,1
2011-05-22,2228.3975,1
2011-05-23,1885.345,1
2011-05-24,2912.8,1
2011-05-25,1970.67,1
2011-05-26,6907.799999999999,1
2011-05-27,5393.975,1
2011-05-28,1132.0075,1
2011-05-29,468.69825000000003,1
2011-05-30,1596.839,1
2011-05-31,5121.45,1
2011-06-01,3524.825,1
2011-06-02,2553.96,1
2011-06-03,2270.025,1
2011-06-04,2178.3475,1
2011-06-05,3919.1,1
2011-06-06,3642.1,1
2011-06-07,496.60925,1
2011-06-08,85.1745,1
2011-06-09,32.63175,1
2011-06-10,553.5620000000001,1
2011-06-11,104.4045,1
2011-06-12,-717.765,1
2011-06-13,-863.3375,1
2011-06-14,-217.58800000000002,1
2011-06-15,-332.84285,1
2011-06-16,-6.915749999999999,1
2011-06-17,-991.8314999999999,1
2011-06-18,-69.46815000000001,1
2011-06-19,-14.8095,1
2011-06-20,-126.26842500000001,1
2011-06-21,-773.1550000000001,1
2011-06-22,76.587975,1
2011-06-23,2327.53825,1
2011-06-24,2878.55,1
2011-06-25,215.26935,1
2011-06-26,126.8735,1
2011-06-27,211.62275,1
2011-06-28,3675.225,1
2011-06-29,7784.5,1
2011-06-30,4628.35,1
2011-07-01,843.9274999999999,1
2011-07-02,-157.286775,1
2011-07-03,1978.5035,1
2011-07-04,-234.945,1
2011-07-05,-559.7725,1
2011-07-06,25.01995,1
2011-07-07,-144.4225,1
2011-07-08,-1739.3452499999999,1
2011-07-09,220.07630999999998,1
2011-07-10,1615.535,1
2011-07-11,140.143975,1
2011-07-12,3083.785,1
2011-07-13,912.625,1
2011-07-14,1237.612175,1
2011-07-15,662.54125,1
2011-07-16,47.977999999999994,1
2011-07-17,591.3625,1
2011-07-18,-342.2575,1
2011-07-19,1109.81,1
2011-07-20,106.573,1
2011-07-21,2556.8224999999998,1
2011-07-22,3992.025,1
2011-07-23,4252.225,1
2011-07-24,2087.4900000000002,1
2011-07-25,517.25625,1
2011-07-26,3102.425,1
2011-07-27,4300.325,1
2011-07-28,3890.9750000000004,1
2011-07-29,944.9425,1
2011-07-30,3773.025,1
2011-07-31,836.61,1
2011-08-01,1157.9075,1
2011-08-02,582.0822499999999,0
2011-08-03,-360.00849999999997,0
2011-08-04,-631.9094,0
2011-08-05,-379.776,0
2011-08-06,-789.425,0
2011-08-07,-41.81545,0
2011-08-08,1873.47575,0
2011-08-09,3999.925,0
2011-08-10,2575.95,0
2011-08-11,4656.525,0
2011-08-12,2256.2212499999996,0
2011-08-13,-52.782624999999996,0
2011-08-14,,0
2011-08-15,559.0225,0
2011-08-16,1483.94,1
2011-08-17,22.76595,1
2011-08-18,1057.808225,1
2011-08-19,442.4925,1
2011-08-20,227.78300000000002,1
2011-08-21,112.3063875,1
2011-08-22,127.64675,1
2011-08-23,540.5325,1
2011-08-24,33.01950000000001,1
2011-08-25,-353.73249999999996,1
2011-08-26,-127.94075000000001,1
2011-08-27,1122.937,1
2011-08-28,259.78125,1
2011-08-29,-86.591775,1
2011-08-30,-1167.455,1
2011-08-31,-2728.05,1
2011-09-01,-191.871925,1
2011-09-02,217.1965,1
2011-09-03,-608.10325,1
2011-09-04,530.2375,1
2011-09-05,125.39,1
2011-09-06,116.92975,1
2011-09-07,-216.0994025,1
2011-09-08,61.038650000000004,1
2011-09-09,-727.145,1
2011-09-10,-1269.855,1
2011-09-11,-1824.5025,1
2011-09-12,-503.6585,1
2011-09-13,2617.7650000000003,1
2011-09-14,1714.095,1
2011-09-15,-92.06575000000001,1
2011-09-16,2759.3725,1
2011-09-17,834.0575,1
2011-09-18,669.7075,1
2011-09-19,995.865375,1
2011-09-20,227.5908125,1
2011-09-21,2193.79,1
2011-09-22,917.865,1
2011-09-23,-38.14475,1
2011-09-24,-931.17675,1
2011-09-25,-525.325,1
2011-09-26,-64.90175,1
2011-09-27,53.76575,1
2011-09-28,-79.16745,1
2011-09-29,-262.688975,1
2011-09-30,-612.935,1
2011-10-01,-57.30525000000001,1
2011-10-02,-228.4545,1
2011-10-03,24.729750000000003,1
2011-10-04,780.932,1
2011-10-05,803.555,1
2011-10-06,781.6775,1
2011-10-07,,1
2011-10-08,,1
2011-10-09,,1
2011-10-10,-47.791,1
2011-10-11,,1
2011-10-12,590.5575,1
2011-10-13,120.69525,1
2011-10-14,135.628,1
2011-10-15,32.484,1
2011-10-16,-172.52325000000002,1
2011-10-17,-0.25722500000000004,1
2011-10-18,274.60524999999996,1
2011-10-19,854.4512,1
2011-10-20,1681.4499999999998,1
2011-10-21,-102.97725,1
2011-10-22,-437.4775,1
2011-10-23,-5175.835,1
2011-10-24,-413.79485,1
2011-10-25,-950.54,1
2011-10-26,-7882.65,1
2011-10-27,1811.9675000000002,1
2011-10-28,245.52575000000002,1
2011-10-29,-142.03900000000002,1
2011-10-30,-387.7475,1
2011-10-31,-2194.5325,1
2011-11-01,-1860.55,1
2011-11-02,-7412.125,1
2011-11-03,-3539.8,1
2011-11-04,-409.398775,1
2011-11-05,741.6075000000001,1
2011-11-06,368.57399999999996,1
2011-11-07,-38.70375,1
2011-11-08,-3358.7775,1
2011-11-09,-1195.229825,1
2011-11-10,-2889.9625,1
2011-11-11,-719.325,1
2011-11-12,-3228.59,1
2011-11-13,-3246.0,1
2011-11-14,-3446.5750000000003,1
2011-11-15,39.39549999999997,1
2011-11-16,-0.7852500000000067,1
2011-11-17,-341.065,1
2011-11-18,-4404.7,1
2011-11-19,-634.945,1
2011-11-20,284.549925,1
2011-11-21,196.65774999999996,1
2011-11-22,2310.3875,1
2011-11-23,1426.2,1
2011-11-24,-38.565525,1
2011-11-25,129.85725000000002,1
2011-11-26,1.7097499999999997,1
2011-11-27,553.669025,1
2011-11-28,-381.845,1
2011-11-29,-2571.4525,1
2011-11-30,-2663.355,1
2011-12-01,-4247.2675,1
2011-12-02,471.804,1
2011-12-03,-125.42075,1
2011-12-04,-198.10950000000003,1
2011-12-05,169.09425,1
2011-12-06,102.90002499999999,1
2011-12-07,-469.95000000000005,1
2011-12-08,-56.8619,1
2011-12-09,-684.1375,1
2011-12-10,-1433.13325,1
2011-12-11,-87.663725,1
2011-12-12,-1032.1882500000002,1
2011-12-13,-2335.9277500000003,1
2011-12-14,-656.6,1
2011-12-15,-2213.7425,1
2011-12-16,-4427.1975,1
2011-12-17,114.93825,1
2011-12-18,64.56875,1
2011-12-19,-266.665,1
2011-12-20,-1069.9855,1
2011-12-21,126.00250000000001,1
2011-12-22,47.519499999999994,1
2011-12-23,387.111175,1
2011-12-24,869.965,1
2011-12-25,123.3415,1
2011-12-26,-152.857,1
2011-12-27,-120.5085,1
2011-12-28,188.28050000000002,1
2011-12-29,972.8974999999999,1
2011-12-30,-8.22475,1
2011-12-31,-626.74,1
2012-01-01,-2496.0,1
2012-01-02,-401.2775,1
2012-01-03,-1372.45,1
2012-01-04,-463.3663,1
2012-01-05,-19.799,1
2012-01-06,695.142415,1
2012-01-07,585.485,1
2012-01-08,32.919925,1
2012-01-09,-28.153,1
2012-01-10,-129.53825,1
2012-01-11,-131.31875,1
2012-01-12,-46.85475000000001,1
2012-01-13,-389.8925,0
2012-01-14,-1401.3925000000002,0
2012-01-15,-797.265,0
2012-01-16,281.0905,0
2012-01-17,-310.54117499999995,0
2012-01-18,-350.42125,0
2012-01-19,26.009150000000005,0
2012-01-20,398.879,0
2012-01-21,639.2574999999999,0
2012-01-22,765.3625,0
2012-01-23,850.68,0
2012-01-24,207.7,0
2012-01-25,-531.575,0
2012-01-26,-13.200000000000017,0
2012-01-27,426.929,0
2012-01-28,378.66249999999997,0
2012-01-29,333.54975,0
2012-01-30,-59.121750000000006,0
2012-01-31,-214.2275,0
2012-02-01,221.4225,0
2012-02-02,1423.27,0
2012-02-03,381.243925,0
2012-02-04,151.83999999999997,0
2012-02-05,716.89375,0
2012-02-06,1064.7849999999999,0
2012-02-07,1524.5925,0
2012-02-08,830.625,0
2012-02-09,329.52125,0
2012-02-10,222.21875,1
2012-02-11,489.09499999999997,1
2012-02-12,431.07000000000005,1
2012-02-13,527.31025,1
2012-02-14,1135.0295,0
2012-02-15,800.39,0
2012-02-16,1039.7375,0
2012-02-17,126.99025,0
2012-02-18,-41.761250000000004,0
2012-02-19,466.02099999999996,0
2012-02-20,526.8325,0
2012-02-21,15.084925000000002,0
2012-02-22,520.2,0
2012-02-23,56.200075,0
2012-02-24,15.565125,0
2012-02-25,-71.370625,0
2012-02-26,-13.891249999999985,0
2012-02-27,201.09949999999998,0
2012-02-28,-257.055,0
2012-02-29,-90.13475,0
2012-03-01,-25.287,0
2012-03-02,-572.603325,0
2012-03-03,-1258.0147499999998,0
2012-03-04,-96.065,0
2012-03-05,423.0025,0
2012-03-06,-6.25301,0
2012-03-07,358.95799999999997,0
2012-03-08,1662.725,0
2012-03-09,185.03375,0
2012-03-10,36.186499999999995,0
2012-03-11,306.707,0
2012-03-12,-24.180925,0
2012-03-13,48.8179,0
2012-03-14,375.15999999999997,0
2012-03-15,489.10375,0
2012-03-16,-171.16025000000002,0
2012-03-17,-326.42499999999995,0
2012-03-18,202.899,0
2012-03-19,693.7201,0
2012-03-20,574.8299999999999,1
2012-03-21,-116.50274999999999,1
2012-03-22,-535.72,1
2012-03-23,-318.6835,1
2012-03-24,-185.4235275,1
2012-03-25,460.06175,1
2012-03-26,16.381202749999996,1
2012-03-27,80.48649999999999,1
2012-03-28,191.246,1
2012-03-29,211.6875,1
2012-03-30,162.4,1
2012-03-31,105.42914999999999,1
2012-04-01,234.06475,1
2012-04-02,1352.275,1
2012-04-03,2227.965,1
2012-04-04,1743.3125,1
2012-04-05,577.2325,1
2012-04-06,27.890991999999997,1
2012-04-07,1071.5842499999999,1
2012-04-08,599.3375000000001,1
2012-04-09,-208.25575,1
2012-04-10,52.45825,1
2012-04-11,-285.515,1
2012-04-12,1746.945,1
2012-04-13,316.591,1
2012-04-14,1922.52,1
2012-04-15,3094.58275,1
2012-04-16,236.675,1
2012-04-17,146.02175,1
2012-04-18,-284.84825,1
2012-04-19,-79.18925,1
2012-04-20,-312.775,1
2012-04-21,226.87499999999997,1
2012-04-22,-524.04425,1
2012-04-23,15.765250000000009,1
2012-04-24,-5942.1875,1
2012-04-25,-4747.35,1
2012-04-26,-3887.0750000000003,1
2012-04-27,-52.89025,1
2012-04-28,269.20825,1
2012-04-29,416.42499999999995,1
2012-04-30,-2403.27,1
2012-05-01,-7698.3,1
2012-05-02,-2930.875,1
2012-05-03,-2162.4975,1
2012-05-04,-533.1195,1
2012-05-05,-239.14,1
2012-05-06,-2942.35,1
2012-05-07,-3924.5,1
2012-05-08,-3105.75,1
2012-05-09,-5952.900000000001,1
2012-05-10,-457.13,1
2012-05-11,331.1283625,1
2012-05-12,1025.2350000000001,1
2012-05-13,144.4945,1
2012-05-14,5233.1875,1
2012-05-15,3537.7574999999997,1
2012-05-16,-453.065,1
2012-05-17,60.622775000000004,1
2012-05-18,178.64125,1
2012-05-19,882.29475,1
2012-05-20,959.515,1
2012-05-21,-426.7,1
2012-05-22,-539.07375,1
2012-05-23,792.3525,1
2012-05-24,1143.66,1
2012-05-25,-1500.9625,1
2012-05-26,-2313.775,1
2012-05-27,-406.00600000000003,1
2012-05-28,-513.626,1
2012-05-29,351.51825,1
2012-05-30,3094.875,1
2012-05-31,245.03250000000003,1
2012-06-01,126.18475,1
2012-06-02,495.53706175,1
2012-06-03,7.5867499999999986,1
2012-06-04,-1046.41525,1
2012-06-05,-1092.7815,1
2012-06-06,-2686.3450000000003,1
2012-06-07,-82.88,1
2012-06-08,-2302.751,1
2012-06-09,-631.70625,1
2012-06-10,-415.255,1
2012-06-11,339.44875,1
2012-06-12,537.1619999999999,1
2012-06-13,-1884.5975,1
2012-06-14,-2190.175,1
2012-06-15,-5276.0175,1
2012-06-16,-45.47839999999999,1
2012-06-17,2955.2,1
2012-06-18,5032.825,1
2012-06-19,1138.71025,1
2012-06-20,-928.6624999999999,1
2012-06-21,152.45149999999998,1
2012-06-22,3193.525,1
2012-06-23,543.031625,1
2012-06-24,1057.455,1
2012-06-25,3808.465,1
2012-06-26,-0.27199999999999136,1
2012-06-27,-159.078,1
2012-06-28,-942.3489025,1
2012-06-29,-966.99075,1
2012-06-30,180.82799999999997,1
2012-07-01,205.54399999999998,1
2012-07-02,-197.57,1
2012-07-03,-193.38425,1
2012-07-04,95.67824999999999,1
2012-07-05,-408.18224999999995,1
2012-07-06,-862.5899999999999,1
2012-07-07,-140.14249999999998,1
2012-07-08,216.4195,1
2012-07-09,1280.6575,1
2012-07-10,2157.4525,1
2012-07-11,1332.73,1
2012-07-12,-2395.9575,1
2012-07-13,-94.92875000000001,1
2012-07-14,-89.873425,1
2012-07-15,4031.2749999999996,1
2012-07-16,2729.3650000000002,1
2012-07-17,2616.15,1
2012-07-18,2818.8675,1
2012-07-19,2822.4325,1
2012-07-20,2198.975,1
2012-07-21,1960.2,1
2012-07-22,7617.45,1
2012-07-23,3493.4275000000002,1
2012-07-24,80.45224999999999,1
2012-07-25,773.1025,1
2012-07-26,173.09525000000002,1
2012-07-27,4457.4,1
2012-07-28,4388.325,1
2012-07-29,1787.5175,1
2012-07-30,3650.65,1
2012-07-31,-2073.78125,1
2012-08-01,-6.368500000000004,1
2012-08-02,66.587715,1
2012-08-03,-85.65125,1
2012-08-04,84.66925,1
2012-08-05,-53.1982,1
2012-08-06,235.42925,1
2012-08-07,1073.885,1
2012-08-08,717.015,0
2012-08-09,570.995,0
2012-08-10,-327.50530000000003,0
2012-08-11,-627.26,0
2012-08-12,-873.3499999999999,0
2012-08-13,-3115.325,0
2012-08-14,-1676.8384999999998,0
2012-08-15,-3290.4,0
2012-08-16,-4524.825,0
2012-08-17,-4566.05,0
2012-08-18,-4823.125,0
2012-08-19,-392.026,0
2012-08-20,564.825,0
2012-08-21,1312.0695,0
2012-08-22,2381.8333333333335,0
2012-08-23,-2139.6625,0
2012-08-24,-1630.52475,0
2012-08-25,342.147,0
2012-08-26,202.635,0
2012-08-27,-602.1125,0
2012-08-28,-295.165,0
2012-08-29,342.25000000000006,0
2012-08-30,3167.3275,0
2012-08-31,3008.06,0
2012-09-01,1267.7475,0
2012-09-02,1976.22,0
2012-09-03,3933.05,0
2012-09-04,4272.2,0
2012-09-05,2910.775,0
2012-09-06,286.035,0
2012-09-07,-97.1708,0
2012-09-08,-155.980625,0
2012-09-09,-379.45675,0
2012-09-10,-1637.8175,0
2012-09-11,281.922,0
2012-09-12,3700.8,1
2012-09-13,3543.085,1
2012-09-14,2547.225,1
2012-09-15,214.162,1
2012-09-16,-167.316,1
2012-09-17,-375.404,1
2012-09-18,2784.726666666667,1
2012-09-19,4794.625,1
2012-09-20,-366.3675,1
2012-09-21,-822.0954999999999,1
2012-09-22,-11185.025,1
2012-09-23,-2269.6875,1
2012-09-24,-2327.8525,0
2012-09-25,-798.72725,0
2012-09-26,54.433249999999994,0
2012-09-27,2575.9475,0
2012-09-28,9564.975,0
2012-09-29,3914.7999999999997,0
2012-09-30,1757.4275,0
2012-10-01,-503.21195,0
2012-10-02,-237.14035,0
2012-10-03,-751.9792500000001,0
2012-10-04,-245.18300000000002,0
2012-10-05,-1158.515,0
2012-10-06,-3539.925,1
2012-10-07,-2550.0,1
2012-10-08,-787.48,1
2012-10-09,-143.11700000000002,1
2012-10-10,-1045.5125,1
2012-10-11,228.91875,1
2012-10-12,428.80999999999995,1
2012-10-13,-1736.8107499999999,1
2012-10-14,297.845,1
2012-10-15,-3894.8374999999996,1
2012-10-16,-2287.115,1
2012-10-17,-1066.1657500000001,1
2012-10-18,-194.8265,1
2012-10-19,-514.7875,1
2012-10-20,-3340.6925,1
2012-10-21,-1934.8000000000002,1
2012-10-22,-648.7950000000001,1
2012-10-23,-1093.13,1
2012-10-24,-2221.425,1
2012-10-25,-1580.604725,1
2012-10-26,2913.575,1
2012-10-27,3472.3250000000003,1
2012-10-28,-1667.60475,1
2012-10-29,-2106.8500000000004,0
2012-10-30,225.3329,0
2012-10-31,-1689.675,0
2012-11-01,-2475.2675,0
2012-11-02,-981.0174999999999,0
2012-11-03,11.499725000000012,0
2012-11-04,-663.6825,0
2012-11-05,452.88,0
2012-11-06,1335.435,0
2012-11-07,954.8525,0
2012-11-08,-165.48149999999998,0
2012-11-09,-74.42500000000001,0
2012-11-10,743.6365000000001,0
2012-11-11,249.59550000000002,0
2012-11-12,247.0925,0
2012-11-13,-18.310025,0
2012-11-14,-86.98599999999999,0
2012-11-15,-910.03,0
2012-11-16,580.565,0
2012-11-17,3017.82425,0
2012-11-18,-2205.03725,0
2012-11-19,-7528.0,0
2012-11-20,-1385.29075,0
2012-11-21,-3351.1075,0
2012-11-22,-8349.0,0
2012-11-23,-11085.025,0
2012-11-24,167.45225,0
2012-11-25,-99.38999999999999,0
2012-11-26,800.8825,0
2012-11-27,543.415,0
2012-11-28,1302.0625,0
2012-11-29,3025.4265,0
2012-11-30,1087.7775,0
2012-12-01,80.3985,0
2012-12-02,-618.8155,0
2012-12-03,-436.91499999999996,0
2012-12-04,176.65900000000002,0
2012-12-05,-4631.775,0
2012-12-06,-2807.5825,0
2012-12-07,1290.1175,0
2012-12-08,-3.1999999999999886,0
2012-12-09,-1566.835,0
2012-12-10,-606.4875,0
2012-12-11,-1478.328,0
2012-12-12,-3826.91,0
2012-12-13,-7136.85,0
2012-12-14,-4590.925,0
2012-12-15,-2341.9,0
2012-12-16,-777.7950000000001,0
2012-12-17,-2630.35,0
2012-12-18,-5817.75,0
2012-12-19,-5216.825,0
2012-12-20,-4168.25,0
2012-12-21,-4356.375,0
2012-12-22,-4139.85,0
2012-12-23,-6187.55,0
2012-12-24,-862.2525,0
2012-12-25,-345.0,0
2012-12-26,-1927.655,0
2012-12-27,-2254.3500000000004,0
2012-12-28,-6634.724999999999,0
2012-12-29,-2970.9525,0
2012-12-30,-5517.9,0
2012-12-31,-225.15249999999997,0
2013-01-01,247.12,0
2013-01-02,422.73975,0
2013-01-03,-653.613,0
2013-01-04,-293.21049999999997,0
2013-01-05,-18.120625,0
2013-01-06,-1139.824,0
2013-01-07,-2221.75,0
2013-01-08,-1597.14175,0
2013-01-09,-251.96750000000003,0
2013-01-10,-361.1475,0
2013-01-11,-1160.503,0
2013-01-12,-666.2552499999999,0
2013-01-13,1758.5925000000002,0
2013-01-14,348.88,0
2013-01-15,-1064.4175,0
2013-01-16,-278.7875,0
2013-01-17,-1816.8,0
2013-01-18,5435.33075,0
2013-01-19,9791.45,0
2013-01-20,-1009.955,0
2013-01-21,-2238.9475,0
2013-01-22,620.49175,0
2013-01-23,77.005,0
2013-01-24,-1271.685,0
2013-01-25,-16.064750000000032,0
2013-01-26,-3592.1349999999998,0
2013-01-27,-1545.3975,0
2013-01-28,-7632.875,0
2013-01-29,-6606.224999999999,0
2013-01-30,-4235.55,0
2013-01-31,-4696.8,0
2013-02-01,1000.925,0
2013-02-02,414.442,0
2013-02-03,48.85965,0
2013-02-04,102.02095,0
2013-02-05,1213.275,0
2013-02-06,994.1825,0
2013-02-07,832.79,0
2013-02-08,855.934125,0
2013-02-09,-1851.6350000000002,0
2013-02-10,1332.765,0
2013-02-11,120.66525000000001,0
2013-02-12,374.8275,0
2013-02-13,-136.9015,0
2013-02-14,136.399425,0
2013-02-15,-161.56125,0
2013-02-16,-4139.7675,0
2013-02-17,-1402.5725,0
2013-02-18,-995.4549999999999,0
2013-02-19,79.04249999999999,0
2013-02-20,-3436.7,0
2013-02-21,-1834.5749999999998,0
2013-02-22,2564.14,0
2013-02-23,1525.345,0
2013-02-24,202.49425,0
2013-02-25,1130.99,0
2013-02-26,4144.605,0
2013-02-27,5926.925,0
2013-02-28,1681.75,0
2013-03-01,57.978750000000005,0
2013-03-02,-39.2525,0
2013-03-03,-1025.568,0
2013-03-04,-668.26,0
2013-03-05,-360.47912499999995,0
2013-03-06,-4887.29955,0
2013-03-07,-3037.1425,0
2013-03-08,-6965.05,0
2013-03-09,-8634.3,0
2013-03-10,-1945.225,0
2013-03-11,-2682.0,0
2013-03-12,2736.55,0
2013-03-13,755.9925,0
2013-03-14,89.23575000000001,0
2013-03-15,-1547.4524999999999,0
2013-03-16,159.34500000000003,0
2013-03-17,206.42000000000002,0
2013-03-18,-439.94775000000004,0
2013-03-19,-470.92519999999996,0
2013-03-20,-4535.6625,0
2013-03-21,-10202.775,0
2013-03-22,-2601.69,0
2013-03-23,-1069.7475,0
2013-03-24,-1541.1375,0
2013-03-25,-1226.8325,0
2013-03-26,-980.24,0
2013-03-27,-584.4025,0
2013-03-28,-3283.005,1
2013-03-29,-1121.8775,1
2013-03-30,-1978.175,1
2013-03-31,-1071.88665,1
2013-04-01,-764.4725,1
2013-04-02,-3021.675,1
2013-04-03,1074.005,1
2013-04-04,4091.45,1
2013-04-05,1529.51,1
2013-04-06,10.851249999999993,1
2013-04-07,-949.57775,1
2013-04-08,-2710.59,1
2013-04-09,-4452.5375,1
2013-04-10,-3886.87625,1
2013-04-11,-2461.745,1
2013-04-12,-4478.7,1
2013-04-13,-4250.575000000001,1
2013-04-14,-381.54699999999997,1
2013-04-15,-1200.2225,1
2013-04-16,-594.5125,1
2013-04-17,764.2175,1
2013-04-18,3655.275,1
2013-04-19,3814.0375,1
2013-04-20,1797.0,1
2013-04-21,5177.15,1
2013-04-22,3583.675,1
2013-04-23,205.386,1
2013-04-24,1032.9450000000002,1
2013-04-25,3553.6724999999997,1
2013-04-26,6483.9225,1
2013-04-27,3672.825,1
2013-04-28,3963.2955,1
2013-04-29,9464.15,1
2013-04-30,4867.7,1
2013-05-01,4469.0,1
2013-05-02,6496.95,1
2013-05-03,281.46587750000003,1
2013-05-04,33.54815,1
2013-05-05,-620.10175,1
2013-05-06,-3233.21,1
2013-05-07,-3446.025,1
2013-05-08,1137.9775,1
2013-05-09,3971.2725,1
2013-05-10,2255.80075,1
2013-05-11,3701.7725,1
2013-05-12,5348.725,1
2013-05-13,7009.825,1
2013-05-14,1135.8425,1
2013-05-15,1215.3825,1
2013-05-16,1122.6925,1
2013-05-17,2930.375,1
2013-05-18,397.31,1
2013-05-19,925.435,1
2013-05-20,2234.4495,1
2013-05-21,5537.174999999999,1
2013-05-22,6915.549999999999,1
2013-05-23,5432.55,1
2013-05-24,4382.42,1
2013-05-25,5678.7,1
2013-05-26,2419.842,1
2013-05-27,593.52,1
2013-05-28,388.99375,1
2013-05-29,1246.325,1
2013-05-30,2377.4075000000003,1
2013-05-31,2977.3900000000003,1
2013-06-01,10376.475,1
2013-06-02,6025.275,1
2013-06-03,698.22,1
2013-06-04,-21.787499999999998,1
2013-06-05,-706.9225,1
2013-06-06,-2572.1775,1
2013-06-07,76.05499999999999,0
2013-06-08,304.52975,0
2013-06-09,-595.29,0
2013-06-10,-3398.425,0
2013-06-11,-1643.0375000000001,1
2013-06-12,1297.3025,1
2013-06-13,3336.4962499999997,1
2013-06-14,-30.239749999999958,1
2013-06-15,-1235.2635,1
2013-06-16,-567.3125,1
2013-06-17,925.3825,1
2013-06-18,1507.3474999999999,1
2013-06-19,850.1925,1
2013-06-20,-186.70924999999997,1
2013-06-21,685.9540000000001,1
2013-06-22,2583.675,1
2013-06-23,8010.85,1
2013-06-24,7187.1,1
2013-06-25,8949.375,1
2013-06-26,10140.0,1
2013-06-27,8762.525,1
2013-06-28,6870.25,1
2013-06-29,3277.5750000000003,1
2013-06-30,5277.275,1
2013-07-01,5741.9025,1
2013-07-02,599.9925000000001,1
2013-07-03,4356.65,1
2013-07-04,4301.625,1
2013-07-05,750.19475,1
2013-07-06,109.86625000000001,1
2013-07-07,425.65,1
2013-07-08,-43.239999999999995,1
2013-07-09,411.827,1
2013-07-10,1672.6025,1
2013-07-11,1848.9699999999998,1
2013-07-12,113.4945,1
2013-07-13,1163.32,1
2013-07-14,989.6800000000001,1
2013-07-15,151.23749999999998,1
2013-07-16,1109.49,1
2013-07-17,2504.75,1
2013-07-18,-57.31750000000001,1
2013-07-19,-104.4365,1
2013-07-20,-660.18875,1
2013-07-21,39.777,1
2013-07-22,-3.6159999999999997,1
2013-07-23,-849.97,1
2013-07-24,425.79125,1
2013-07-25,-612.265,1
2013-07-26,-1336.1475,1
2013-07-27,-4103.85,1
2013-07-28,-1350.5,1
2013-07-29,-449.5095,1
2013-07-30,278.28249999999997,1
2013-07-31,-624.85175,1
2013-08-01,-1809.815,1
2013-08-02,-479.9765,1
2013-08-03,-81.49849999999999,1
2013-08-04,-636.095,1
2013-08-05,888.24225,1
2013-08-06,82.10050000000001,1
2013-08-07,628.81,1
2013-08-08,2362.0175,1
2013-08-09,3870.575,1
2013-08-10,3805.175,1
2013-08-11,2275.8,1
2013-08-12,12880.825,1
2013-08-13,11235.525,1
2013-08-14,7247.15,1
2013-08-15,3737.525,1
2013-08-16,596.0274999999999,1
2013-08-17,1104.5615,1
2013-08-18,1106.5625,1
2013-08-19,5050.775,1
2013-08-20,-413.97,1
2013-08-21,-388.62850000000003,1
2013-08-22,106.66075,1
2013-08-23,4085.2999999999997,1
2013-08-24,4173.675,1
2013-08-25,4859.375,1
2013-08-26,7030.75,1
2013-08-27,6938.875,1
2013-08-28,6844.5,1
2013-08-29,3608.2,1
2013-08-30,4101.4,1
2013-08-31,3444.775,1
2013-09-01,531.3125,1
2013-09-02,340.957,1
2013-09-03,96.7835,1
2013-09-04,2052.625,1
2013-09-05,1679.85,1
2013-09-06,6397.5,1
2013-09-07,5224.875,1
2013-09-08,349.48575,1
2013-09-09,2749.2,1
2013-09-10,11447.525,1
2013-09-11,4042.7749999999996,1
2013-09-12,1069.8875,1
2013-09-13,2208.5,0
2013-09-14,2350.425,0
2013-09-15,2325.6725,0
2013-09-16,4277.8675,0
2013-09-17,1657.2350000000001,0
2013-09-18,1211.625,0
2013-09-19,3675.85,0
2013-09-20,2423.0725,0
2013-09-21,165.67125,0
2013-09-22,-295.39575,0
2013-09-23,-1028.8625,0
2013-09-24,-176.89075,0
2013-09-25,-3197.1749999999997,0
2013-09-26,-3832.5325,0
2013-09-27,-5665.925,0
2013-09-28,-1589.2,0
2013-09-29,-2370.325,0
2013-09-30,-1337.66,0
2013-10-01,-3367.1000000000004,0
2013-10-02,-1880.645,0
2013-10-03,-1279.7475,0
2013-10-04,-235.2975,0
2013-10-05,1283.205,0
2013-10-06,742.49,0
2013-10-07,951.7850000000001,0
2013-10-08,1300.6225,1
2013-10-09,2149.05,1
2013-10-10,2947.675,1
2013-10-11,3198.17625,1
2013-10-12,-695.3275000000001,1
2013-10-13,-435.07500000000005,1
2013-10-14,-3268.45,1
2013-10-15,-3682.1,1
2013-10-16,574.65125,1
2013-10-17,-3516.295,1
2013-10-18,-1728.82575,1
2013-10-19,-2595.1949999999997,1
2013-10-20,-5825.1,1
2013-10-21,-6744.1,1
2013-10-22,-4211.05,1
2013-10-23,-2165.2,1
2013-10-24,-2692.8625,1
2013-10-25,-1447.3,1
2013-10-26,-2011.12875,1
2013-10-27,-6101.885,1
2013-10-28,5.521750000000001,1
2013-10-29,31.92,1
2013-10-30,-1813.76,1
2013-10-31,-3438.8149999999996,1
2013-11-01,-2795.215,1
2013-11-02,159.61249999999998,1
2013-11-03,-1749.9299999999998,1
2013-11-04,-501.55749999999995,1
2013-11-05,-670.3675000000001,1
2013-11-06,-2759.15,1
2013-11-07,-980.135,1
2013-11-08,-1111.0025,1
2013-11-09,122.5575,1
2013-11-10,18.76745,1
2013-11-11,905.345,1
2013-11-12,3058.3900000000003,1
2013-11-13,3844.05,1
2013-11-14,2114.5,1
2013-11-15,2156.7799999999997,1
2013-11-16,2688.525,1
2013-11-17,1040.14425,1
2013-11-18,1269.455,1
2013-11-19,334.96785,1
2013-11-20,-55.21375,1
2013-11-21,43.94425,1
2013-11-22,335.996,1
2013-11-23,872.99,1
2013-11-24,1692.2150000000001,1
2013-11-25,2383.7975,1
2013-11-26,1377.4750000000001,1
2013-11-27,426.535,1
2013-11-28,263.25225,1
2013-11-29,950.4350000000001,1
2013-11-30,1637.9125,1
2013-12-01,36.685,1
2013-12-02,-249.70485,1
2013-12-03,-40.31675,1
2013-12-04,531.3925,1
2013-12-05,219.35875000000001,1
2013-12-06,-156.7355,1
2013-12-07,-537.91325,1
2013-12-08,-1200.035,1
2013-12-09,-3449.4,1
2013-12-10,-2965.9,1
2013-12-11,-5264.924999999999,1
2013-12-12,-2102.575,1
2013-12-13,505.1825,1
2013-12-14,-1360.075,1
2013-12-15,-3771.075,1
2013-12-16,-3669.4700000000003,1
2013-12-17,-4453.015325,1
2013-12-18,-2647.2949999999996,1
2013-12-19,271.89687499999997,1
2013-12-20,-4518.2925,1
2013-12-21,-3719.7625,1
2013-12-22,-3839.3999999999996,1
2013-12-23,-14703.825,1
2013-12-24,-3025.3,1
2013-12-25,-1125.1625,1
2013-12-26,-7831.8,1
2013-12-27,-1323.825,1
2013-12-28,-472.685,1
2013-12-29,-9085.975,1
2013-12-30,-4552.8075,1
2013-12-31,-7260.325,1
2014-01-01,-3121.175,1
2014-01-02,-2575.425,1
2014-01-03,-7490.2525000000005,1
2014-01-04,-6046.0,1
2014-01-05,-9743.85,1
2014-01-06,-2753.175,1
2014-01-07,-3788.95,1
2014-01-08,-3077.63375,1
2014-01-09,1074.845,1
2014-01-10,949.59,1
2014-01-11,-661.0255,1
2014-01-12,-3620.825,1
2014-01-13,-2930.5499999999997,1
2014-01-14,-2372.9849999999997,1
2014-01-15,-2713.2325,1
2014-01-16,-5191.9,1
2014-01-17,57.20875000000004,1
2014-01-18,1022.2500000000001,1
2014-01-19,1037.3174999999999,1
2014-01-20,-2332.9075000000003,1
2014-01-21,425.77250000000004,1
2014-01-22,603.475,0
2014-01-23,199.66650000000004,0
2014-01-24,-200.2485,0
2014-01-25,-547.80575,0
2014-01-26,198.27,0
2014-01-27,-1053.57175,0
2014-01-28,154.52000000000004,0
2014-01-29,1104.3625,0
2014-01-30,-521.726175,0
2014-01-31,-2097.3337500000002,0
2014-02-01,-770.745,0
2014-02-02,-6647.5425,0
2014-02-03,-7228.75,0
2014-02-04,-5316.425,0
2014-02-05,-13488.1,0
2014-02-06,-4496.95,0
2014-02-07,-8143.975,0
2014-02-08,-4660.05,0
2014-02-09,1134.875,0
2014-02-10,-746.3425,0
2014-02-11,-2370.78075,0
2014-02-12,-4194.6,0
2014-02-13,-10776.475,0
2014-02-14,-1668.945,0
2014-02-15,-409.71425,0
2014-02-16,-6214.1449999999995,0
2014-02-17,-3360.3,0
2014-02-18,-1193.5974999999999,0
2014-02-19,-1826.6699999999998,0
2014-02-20,-681.5975,0
2014-02-21,-1799.825,0
2014-02-22,-5167.3,0
2014-02-23,-561.0725000000001,0
2014-02-24,-4052.15,0
2014-02-25,-709.097,0
2014-02-26,-1519.1074999999998,0
2014-02-27,-581.9275,0
2014-02-28,-1146.795,0
2014-03-01,-225.66749999999996,0
2014-03-02,-677.915,0
2014-03-03,-674.865,0
2014-03-04,-333.28855,0
2014-03-05,1531.2625,0
2014-03-06,602.7625,0
2014-03-07,-159.1825,0
2014-03-08,-428.4675,0
2014-03-09,4.045249999999999,0
2014-03-10,2138.2925,0
2014-03-11,891.14,0
2014-03-12,155.962,0
2014-03-13,96.68375,0
2014-03-14,415.361,0
2014-03-15,1843.4475,0
2014-03-16,964.87525,0
2014-03-17,734.0425,0
2014-03-18,5647.7625,0
2014-03-19,39.384750000000004,0
2014-03-20,-1892.9724999999999,0
2014-03-21,-66.38325000000002,0
2014-03-22,95.9719,0
2014-03-23,-3101.6725,0
2014-03-24,-26.260250000000013,0
2014-03-25,557.51,0
2014-03-26,-63.00425000000007,0
2014-03-27,1462.43,0
2014-03-28,-42.66700000000001,0
2014-03-29,-2405.8525,0
2014-03-30,-1559.8500000000001,0
2014-03-31,-3471.45,0
2014-04-01,-2218.4375,0
2014-04-02,-464.8195,0
2014-04-03,-375.365,0
2014-04-04,-1577.0725,0
2014-04-05,-1988.9499999999998,1
2014-04-06,-3765.6375000000003,1
2014-04-07,3427.6499999999996,1
2014-04-08,3470.0425,1
2014-04-09,32.84225000000001,1
2014-04-10,1869.5985,1
2014-04-11,8521.8,1
2014-04-12,7375.424999999999,1
2014-04-13,748.755,1
2014-04-14,306.5028175,1
2014-04-15,377.3625,1
2014-04-16,1025.7745,1
2014-04-17,744.1635,1
2014-04-18,723.97,1
2014-04-19,211.391,1
2014-04-20,-71.3237,1
2014-04-21,-1024.95,1
2014-04-22,-1930.0774999999999,1
2014-04-23,-1757.8425,1
2014-04-24,-2217.8050000000003,1
2014-04-25,-2750.771,1
2014-04-26,-219.16750000000002,1
2014-04-27,-500.95575,1
2014-04-28,-692.9032500000001,1
2014-04-29,-134.5645,1
2014-04-30,248.77105,1
2014-05-01,3367.75,1
2014-05-02,4988.875,1
2014-05-03,1444.85,1
2014-05-04,3.8368750000000023,1
2014-05-05,-589.09905,1
2014-05-06,-133.32797499999998,1
2014-05-07,698.6625,1
2014-05-08,87.006225,1
2014-05-09,-96.97999999999999,1
2014-05-10,309.42575,1
2014-05-11,1338.2225,1
2014-05-12,4164.0275,1
2014-05-13,6076.325,1
2014-05-14,574.4225,1
2014-05-15,763.28275,1
2014-05-16,1586.4575,1
2014-05-17,1059.2125,1
2014-05-18,548.4225,1
2014-05-19,-1184.3335,1
2014-05-20,-1895.3875,1
2014-05-21,246.14750000000004,1
2014-05-22,341.91999999999996,1
2014-05-23,187.688,1
2014-05-24,375.371,1
2014-05-25,447.58575,1
2014-05-26,-1359.25625,1
2014-05-27,-84.11250000000001,1
2014-05-28,-56.82050000000001,1
2014-05-29,1585.4674999999997,1
2014-05-30,3790.0,1
2014-05-31,6258.3,1
2014-06-01,3645.6099999999997,1
2014-06-02,1329.5455,1
2014-06-03,145.6525,1
2014-06-04,-1358.805,1
2014-06-05,-4303.7975,1
2014-06-06,-5533.525,1
2014-06-07,-2100.4735,1
2014-06-08,-519.5799999999999,1
2014-06-09,-457.71274999999997,1
2014-06-10,107.7235,1
2014-06-11,1491.95,1
2014-06-12,1913.825,1
2014-06-13,6136.6,1
2014-06-14,7210.45,1
2014-06-15,4131.525,1
2014-06-16,1328.655,1
2014-06-17,502.504,1
2014-06-18,23.33925,1
2014-06-19,1311.375,1
2014-06-20,-243.84434000000002,1
2014-06-21,-1790.6325,1
2014-06-22,999.5625,1
2014-06-23,3462.835,1
2014-06-24,4342.725,1
2014-06-25,-519.4087499999999,1
2014-06-26,101.70375,1
2014-06-27,-619.5149999999999,1
2014-06-28,112.44375,1
2014-06-29,-537.71475,1
2014-06-30,-931.765,1
2014-07-01,1282.93,1
2014-07-02,7716.675,1
2014-07-03,5041.79475,1
2014-07-04,-1038.525,1
2014-07-05,-663.9999999999999,1
2014-07-06,481.39325,1
2014-07-07,401.95425,1
2014-07-08,5731.35,1
2014-07-09,8537.725,1
2014-07-10,5169.225,1
2014-07-11,6761.425,1
2014-07-12,4691.150000000001,1
2014-07-13,1717.06,1
2014-07-14,4199.475,1
2014-07-15,2294.97,1
2014-07-16,-1227.89,0
2014-07-17,-1161.95,0
2014-07-18,-1798.2725,0
2014-07-19,-211.52849999999998,0
2014-07-20,370.75475,0
2014-07-21,3665.05,0
2014-07-22,729.0725,0
2014-07-23,1595.6950000000002,0
2014-07-24,6069.075,0
2014-07-25,6799.125,0
2014-07-26,7487.325,0
2014-07-27,4779.975,0
2014-07-28,6015.4,0
2014-07-29,6958.9,0
2014-07-30,3120.45,0
2014-07-31,2154.2025,0
2014-08-01,-1626.175,0
2014-08-02,153.07150000000001,0
2014-08-03,-52.5455,0
2014-08-04,-249.917,1
2014-08-05,-601.3695,1
2014-08-06,-496.76,1
2014-08-07,-1000.4499999999999,1
2014-08-08,-518.79,1
2014-08-09,-1584.6925,1
2014-08-10,2023.3405,1
2014-08-11,-723.8800000000001,1
2014-08-12,249.1965,1
2014-08-13,456.7905,1
2014-08-14,1205.0035,1
2014-08-15,5678.1,1
2014-08-16,4830.3375,1
2014-08-17,4085.725,1
2014-08-18,4717.05,1
2014-08-19,3996.975,1
2014-08-20,2909.75,1
2014-08-21,3437.05,1
2014-08-22,3531.45,1
2014-08-23,1905.7525,1
2014-08-24,-1387.9375,1
2014-08-25,-3322.7250000000004,1
2014-08-26,-2079.695,1
2014-08-27,111.74879999999999,1
2014-08-28,340.0645,1
2014-08-29,5472.625,1
2014-08-30,4710.45,1
2014-08-31,2351.6,1
2014-09-01,74.65174999999999,1
2014-09-02,-657.4525,1
2014-09-03,-319.0138,1
2014-09-04,-387.125,1
2014-09-05,-1268.3975,1
2014-09-06,-788.31675,1
2014-09-07,-559.5525,1
2014-09-08,100.8566,1
2014-09-09,61.94499999999999,1
2014-09-10,-1515.02,1
2014-09-11,-1434.9325,1
2014-09-12,-135.289675,1
2014-09-13,-856.9125,1
2014-09-14,-2425.375,1
2014-09-15,-1746.9750000000001,1
2014-09-16,-3413.95,1
2014-09-17,-7718.6,1
2014-09-18,-3538.525,1
2014-09-19,-5228.95,1
2014-09-20,-1057.9834999999998,1
2014-09-21,1864.875,1
2014-09-22,1108.01925,1
2014-09-23,6066.875,1
2014-09-24,4072.85,1
2014-09-25,516.4649999999999,1
2014-09-26,307.643625,1
2014-09-27,70.8915,1
2014-09-28,6.1497,1
2014-09-29,259.07099999999997,1
2014-09-30,3614.8,1
2014-10-01,2154.4875,1
2014-10-02,365.0655,1
2014-10-03,354.00525,1
2014-10-04,2358.15,1
2014-10-05,-2216.6025,1
2014-10-06,-579.5675,1
2014-10-07,-1647.0725,1
2014-10-08,-466.6675,1
2014-10-09,-113.862375,1
2014-10-10,-1638.075,1
2014-10-11,-713.045,1
2014-10-12,-861.7250000000001,1
2014-10-13,-2651.05,1
2014-10-14,-3672.725,1
2014-10-15,-885.0775,1
2014-10-16,-4740.22975,1
2014-10-17,-8375.575,1
2014-10-18,-3974.2625,1
2014-10-19,176.87075000000002,1
2014-10-20,24.643475000000002,1
2014-10-21,312.789,1
2014-10-22,102.5596435,1
2014-10-23,-54.08875,1
2014-10-24,259.53650000000005,1
2014-10-25,10.217000000000013,1
2014-10-26,-316.4375,1
2014-10-27,-1905.975,1
2014-10-28,-604.86,1
2014-10-29,-748.2974999999999,1
2014-10-30,-2795.09,1
2014-10-31,416.77500000000003,1
2014-11-01,-1672.755,1
2014-11-02,-2646.73,1
2014-11-03,661.7425000000001,1
2014-11-04,585.5875,1
2014-11-05,-1846.0,0
2014-11-06,-1792.84,0
2014-11-07,-1684.4699999999998,0
2014-11-08,378.14750000000004,0
2014-11-09,-3593.6549999999997,0
2014-11-10,-2015.6349999999998,0
2014-11-11,-1723.7,0
2014-11-12,-5982.51,0
2014-11-13,-5879.15,0
2014-11-14,-2126.7999999999997,0
2014-11-15,-898.76,0
2014-11-16,-112.2285,0
2014-11-17,-3844.2200000000003,0
2014-11-18,-207.88875000000002,0
2014-11-19,-174.36075,0
2014-11-20,-734.5925,0
2014-11-21,-490.27725,0
2014-11-22,3193.48625,0
2014-11-23,4709.925,0
2014-11-24,3170.75,0
2014-11-25,-189.612,0
2014-11-26,-357.91225,0
2014-11-27,-4508.59,0
2014-11-28,327.53164075,0
2014-11-29,6205.375,0
2014-11-30,3955.175,0
2014-12-01,1107.2075,0
2014-12-02,4779.875,0
2014-12-03,1531.2975000000001,0
2014-12-04,188.75905,0
2014-12-05,961.81,0
2014-12-06,948.01,0
2014-12-07,151.1995,0
2014-12-08,413.283,0
2014-12-09,-0.09075000000000166,0
2014-12-10,34.568925,0
2014-12-11,-1877.0825,0
2014-12-12,-1398.8675,0
2014-12-13,11460.05,0
2014-12-14,1420.944075,0
2014-12-15,929.4024999999999,0
2014-12-16,771.5975,0
2014-12-17,-8.376275,0
2014-12-18,-199.14375,0
2014-12-19,-967.815,0
2014-12-20,296.92,0
2014-12-21,-72.25825,0
2014-12-22,-501.1345,0
2014-12-23,-407.72,0
2014-12-24,-28.145249999999997,0
2014-12-25,231.1701,0
2014-12-26,-64.182,0
2014-12-27,467.32050000000004,0
2014-12-28,739.21,0
2014-12-29,-366.38989749999996,0
2014-12-30,-741.269,0
2014-12-31,-172.95999999999998,0
2015-01-01,-481.73,0
2015-01-02,-583.165,0
2015-01-03,66.215,0
2015-01-04,-247.25975,0
2015-01-05,-1864.06,0
2015-01-06,-548.9124999999999,0
2015-01-07,-427.275,0
2015-01-08,-340.7575,0
2015-01-09,-715.012,0
2015-01-10,-212.36600000000004,0
2015-01-11,-656.95775,0
2015-01-12,-5356.515,0
2015-01-13,-902.928,0
2015-01-14,-6787.51375,0
2015-01-15,-395.0925000000001,0
2015-01-16,-366.056,0
2015-01-17,-3894.745,0
2015-01-18,3002.15,0
2015-01-19,466.13750000000005,0
2015-01-20,1414.1925,0
2015-01-21,1336.12475,0
2015-01-22,-345.087,0
2015-01-23,792.41,0
2015-01-24,1298.5925,0
2015-01-25,1725.565,0
2015-01-26,528.5822499999999,0
2015-01-27,875.53975,0
2015-01-28,-715.8824999999999,0
2015-01-29,-84.10499999999999,0
2015-01-30,1717.8649999999998,0
2015-01-31,1710.875,0
2015-02-01,-394.2275,0
2015-02-02,1662.75,0
2015-02-03,2463.3,0
2015-02-04,1182.2275,0
2015-02-05,1303.6625,0
2015-02-06,1466.6625,0
2015-02-07,1080.9315000000001,0
2015-02-08,1506.615,0
2015-02-09,277.4425,0
2015-02-10,-366.68,0
2015-02-11,-1135.4475,0
2015-02-12,-2376.697,0
2015-02-13,-1201.285,0
2015-02-14,-395.6700000000001,0
2015-02-15,102.23525000000001,0
2015-02-16,2432.4,0
2015-02-17,1994.275,0
2015-02-18,583.14165,0
2015-02-19,-1268.3075000000001,0
2015-02-20,874.8725,0
2015-02-21,-18.592499999999973,0
2015-02-22,-561.1725,0
2015-02-23,429.3525,0
2015-02-24,182.96075,0
2015-02-25,-48.16425000000001,0
2015-02-26,667.085,0
2015-02-27,-723.0550000000001,0
2015-02-28,-2550.9,0
2015-03-01,-2280.08,0
2015-03-02,-6.186949999999996,0
2015-03-03,3126.175,0
2015-03-04,2162.0225,0
2015-03-05,-50.80425000000001,0
2015-03-06,10.630749999999999,0
2015-03-07,2.18926,0
2015-03-08,325.59335,0
2015-03-09,446.19,0
2015-03-10,-47.192675,0
2015-03-11,-754.637,0
2015-03-12,1380.6727500000002,0
2015-03-13,2370.98,0
2015-03-14,3009.3,0
2015-03-15,2471.95,0
2015-03-16,-289.868,0
2015-03-17,3555.875,0
2015-03-18,4600.125,0
2015-03-19,8383.45,0
2015-03-20,11715.4,0
2015-03-21,7737.25,0
2015-03-22,5919.25,0
2015-03-23,10197.35,0
2015-03-24,2659.0924999999997,0
2015-03-25,546.285,0
2015-03-26,14.904999999999973,0
2015-03-27,-2.6992499999999993,0
2015-03-28,-209.38425,0
2015-03-29,-282.03999999999996,0
2015-03-30,23.299250000000008,0
2015-03-31,3129.425,0
2015-04-01,3820.99,0
2015-04-02,1219.0,0
2015-04-03,5680.05,0
2015-04-04,1156.45,0
2015-04-05,131.4142375,0
2015-04-06,650.0315,1
2015-04-07,-430.729,1
2015-04-08,213.95,1
2015-04-09,-138.67525,1
2015-04-10,-29.9495,1
2015-04-11,301.145,1
2015-04-12,381.2025,1
2015-04-13,411.1625,1
2015-04-14,-516.022,1
2015-04-15,-133.17775,1
2015-04-16,-825.4125,1
2015-04-17,-2743.895,1
2015-04-18,298.94,1
2015-04-19,51.519524999999994,1
2015-04-20,245.58075,1
2015-04-21,114.6375,1
2015-04-22,-551.29875,1
2015-04-23,-1280.5324999999998,1
2015-04-24,-2229.975,1
2015-04-25,-913.10925,1
2015-04-26,234.50549999999998,1
2015-04-27,1763.175,1
2015-04-28,-98.87575,1
2015-04-29,-3039.2524999999996,1
2015-04-30,-4122.5975,1
2015-05-01,-3656.0699999999997,1
2015-05-02,-3111.0195750000003,1
2015-05-03,-1194.65075,1
2015-05-04,-2977.6025,1
2015-05-05,-460.23449999999997,1
2015-05-06,-392.03644999999995,1
2015-05-07,-1826.1,1
2015-05-08,-85.175,1
2015-05-09,245.926,1
2015-05-10,639.0074999999999,1
2015-05-11,513.15425,1
2015-05-12,-268.79575,1
2015-05-13,-499.56,1
2015-05-14,305.536825,1
2015-05-15,3248.675,1
2015-05-16,6527.4,1
2015-05-17,7607.35,1
2015-05-18,5029.38,1
2015-05-19,2180.435,1
2015-05-20,3828.395,1
2015-05-21,7686.225,1
2015-05-22,6251.625,1
2015-05-23,8197.9,1
2015-05-24,8223.9,1
2015-05-25,7245.85,1
2015-05-26,6720.15,1
2015-05-27,9684.2,1
2015-05-28,8582.85,1
2015-05-29,2640.5025,1
2015-05-30,-516.4659750000001,1
2015-05-31,726.45775,1
2015-06-01,7.8177499999999895,1
2015-06-02,857.9025,1
2015-06-03,1470.5125,1
2015-06-04,2596.575,1
2015-06-05,8504.275,1
2015-06-06,4574.125,1
2015-06-07,516.3050000000001,1
2015-06-08,1205.0875,1
2015-06-09,10047.725,1
2015-06-10,4077.82385,1
2015-06-11,-484.5825,1
2015-06-12,-2731.7325,1
2015-06-13,-1469.905,1
2015-06-14,449.3755,1
2015-06-15,5719.325,1
2015-06-16,8183.15,1
2015-06-17,4635.275,1
2015-06-18,5175.025,1
2015-06-19,4769.1,1
2015-06-20,1783.0425,1
2015-06-21,-81.32875,1
2015-06-22,232.53575,1
2015-06-23,48.90205,1
2015-06-24,186.6225,1
2015-06-25,-339.93210000000005,1
2015-06-26,808.8062500000001,1
2015-06-27,1822.375,1
2015-06-28,3562.8625,1
2015-06-29,-246.46025,1
2015-06-30,-701.1375,1
2015-07-01,-642.3575000000001,1
2015-07-02,-75.70374999999999,1
2015-07-03,-476.82115,1
2015-07-04,1314.5115,1
2015-07-05,2297.4700000000003,1
2015-07-06,-389.62825000000004,1
2015-07-07,3791.025,1
2015-07-08,9916.65,1
2015-07-09,-550.15075,1
2015-07-10,407.322375,1
2015-07-11,5270.875,1
2015-07-12,6854.474999999999,1
2015-07-13,9518.45,1
2015-07-14,7032.8,1
2015-07-15,2874.5975,1
2015-07-16,-569.05075,1
2015-07-17,-384.42775,1
2015-07-18,-1744.04,1
2015-07-19,-369.43375,1
2015-07-20,-114.3125,1
2015-07-21,428.93397500000003,1
2015-07-22,2468.0475,1
2015-07-23,-687.515,1
2015-07-24,2135.9750000000004,1
2015-07-25,1011.5050000000001,1
2015-07-26,-154.15550000000002,1
2015-07-27,50.8605,1
2015-07-28,-768.4395,1
2015-07-29,613.86325,1
2015-07-30,4401.375,1
2015-07-31,7304.15,1
2015-08-01,1000.3075,1
2015-08-02,-2299.1625,1
2015-08-03,425.3719,1
2015-08-04,-1353.9645,1
2015-08-05,48.94825,1
2015-08-06,291.75225,1
2015-08-07,2846.5275,1
2015-08-08,5338.825,1
2015-08-09,2486.4750000000004,1
2015-08-10,1409.6,1
2015-08-11,-2376.625,1
2015-08-12,-1033.655,1
2015-08-13,-105.15099999999998,1
2015-08-14,100.4845,1
2015-08-15,-392.45575,1
2015-08-16,257.446,1
2015-08-17,2340.1375,1
2015-08-18,6026.15,1
2015-08-19,3479.825,1
2015-08-20,1544.005,1
2015-08-21,-739.04,1
2015-08-22,-4177.83,1
2015-08-23,-1241.685,1
2015-08-24,-2941.15,1
2015-08-25,-5397.25,1
2015-08-26,-4020.3239999999996,1
2015-08-27,-4610.55,1
2015-08-28,-1428.48,1
2015-08-29,254.82,1
2015-08-30,47.805,1
2015-08-31,5828.375,1
2015-09-01,8879.474999999999,1
2015-09-02,8352.325,1
2015-09-03,9375.6,1
2015-09-04,6951.45,1
2015-09-05,3547.7,1
2015-09-06,749.28,1
2015-09-07,162.316,1
2015-09-08,-1226.5900000000001,1
2015-09-09,83.22949999999999,1
2015-09-10,-500.1325,1
2015-09-11,1188.1750000000002,1
2015-09-12,-3060.8574999999996,0
2015-09-13,-348.635,0
2015-09-14,-5553.375,0
2015-09-15,-9713.199999999999,0
2015-09-16,-917.2555,0
2015-09-17,-55.52595,0
2015-09-18,454.472,0
2015-09-19,565.16,0
2015-09-20,225.34025,0
2015-09-21,735.6682500000001,1
2015-09-22,311.8606775,1
2015-09-23,2294.275,1
2015-09-24,446.4995,1
2015-09-25,46.783122500000005,1
2015-09-26,86.0135,1
2015-09-27,350.2575,1
2015-09-28,91.70375000000001,1
2015-09-29,677.271105,1
2015-09-30,-756.0805,1
2015-10-01,226.31074999999998,1
2015-10-02,-632.2375000000001,1
2015-10-03,-5651.05,1
2015-10-04,-5453.225,1
2015-10-05,-4555.94,1
2015-10-06,-160.65275000000003,1
2015-10-07,1000.8525,1
2015-10-08,291.0,1
2015-10-09,-3149.0625,1
2015-10-10,-3442.925,1
2015-10-11,446.5624999999999,1
2015-10-12,8056.8,1
2015-10-13,1428.815,1
2015-10-14,-18.372099999999996,1
2015-10-15,-65.86524999999999,1
2015-10-16,-1062.9537500000001,1
2015-10-17,-2584.1575,1
2015-10-18,136.4855,1
2015-10-19,8729.95,1
2015-10-20,6664.95,1
2015-10-21,1208.6275,1
2015-10-22,-332.85157499999997,1
2015-10-23,-228.6775,1
2015-10-24,2417.20625,1
2015-10-25,-1234.725,1
2015-10-26,-1367.73,1
2015-10-27,-2404.875,1
2015-10-28,-4915.35,1
2015-10-29,-7510.65,1
2015-10-30,-6471.650000000001,1
2015-10-31,39.45749999999998,1
2015-11-01,1408.4825,1
2015-11-02,-405.9425,1
2015-11-03,-3070.375,1
2015-11-04,-3827.2675,1
2015-11-05,-5346.575,1
2015-11-06,-1091.9425,1
2015-11-07,-1047.5945000000002,1
2015-11-08,-868.3249999999999,1
2015-11-09,19.7335,1
2015-11-10,97.1108,1
2015-11-11,-93.759,1
2015-11-12,849.1045,1
2015-11-13,2833.765,1
2015-11-14,-170.62675000000002,1
2015-11-15,-351.25109999999995,1
2015-11-16,-2294.7,1
2015-11-17,-2127.0,1
2015-11-18,-314.83752499999997,1
2015-11-19,-438.7960875,1
2015-11-20,54.69999999999993,1
2015-11-21,1289.6825,1
2015-11-22,1004.029,1
2015-11-23,100.2895,1
2015-11-24,131.0362,1
2015-11-25,893.2075,1
2015-11-26,1092.6275,1
2015-11-27,1222.87,1
2015-11-28,325.5377,1
2015-11-29,-197.840715,1
2015-11-30,-350.055,1
2015-12-01,-1070.0175,1
2015-12-02,-5469.475,1
2015-12-03,-79.68899999999996,1
2015-12-04,-36.24707500000001,1
2015-12-05,-1862.8325,1
2015-12-06,-5421.275,1
2015-12-07,-1892.67625,1
2015-12-08,180.5007,1
2015-12-09,143.825,1
2015-12-10,-128.21025000000003,1
2015-12-11,-219.70175,1
2015-12-12,-3534.775,1
2015-12-13,-5322.35,0
2015-12-14,-5965.6,0
2015-12-15,-4232.3,0
2015-12-16,-7218.525,0
2015-12-17,-2917.3,0
2015-12-18,-7822.65,0
2015-12-19,-2792.3725,0
2015-12-20,-3848.75,0
2015-12-21,-7539.575000000001,0
2015-12-22,-1337.1225,0
2015-12-23,-3327.8275,0
2015-12-24,-5437.0,0
2015-12-25,-4048.2,0
2015-12-26,-3403.775,0
2015-12-27,-8868.575,0
2015-12-28,-3597.875,0
2015-12-29,-8931.75,0
2015-12-30,-999.24,0
2015-12-31,-6350.875,0
2016-01-01,-1464.185,0
2016-01-02,-4898.85,0
2016-01-03,-1116.205,0
2016-01-04,460.7175,0
2016-01-05,-2281.3025,0
2016-01-06,-6966.55,0
2016-01-07,-7678.09,0
2016-01-08,-4473.83875,0
2016-01-09,-6301.525,0
2016-01-10,-2875.2625,0
2016-01-11,-405.90274999999997,0
2016-01-12,-2591.17075,0
2016-01-13,-2538.3500000000004,0
2016-01-14,1049.1100000000001,0
2016-01-15,237.1925,0
2016-01-16,-4434.18425,0
2016-01-17,-2142.245,0
2016-01-18,-1043.37075,0
2016-01-19,-2546.4475,0
2016-01-20,-2105.125,0
2016-01-21,-2692.575,0
2016-01-22,-1370.05,0
2016-01-23,-1480.2125,0
2016-01-24,-3543.3375,0
2016-01-25,-599.5035,0
2016-01-26,-3659.075,0
2016-01-27,-1593.9824999999998,0
2016-01-28,1260.22225,0
2016-01-29,-557.72425,0
2016-01-30,-1578.42,0
2016-01-31,-337.18725,0
2016-02-01,-148.70620000000002,0
2016-02-02,838.211,0
2016-02-03,1109.801275,0
2016-02-04,-367.14,0
2016-02-05,-5261.4974999999995,0
2016-02-06,-857.0274999999999,0
2016-02-07,-2922.075,0
2016-02-08,-3310.6,0
2016-02-09,-2269.675,0
2016-02-10,-188.09775,0
2016-02-11,-2279.275,0
2016-02-12,-2403.5,0
2016-02-13,-8.50500000000011,0
2016-02-14,4303.725,0
2016-02-15,906.36375,0
2016-02-16,-327.94449999999995,0
2016-02-17,847.6375,0
2016-02-18,309.62675,0
2016-02-19,-722.4125,0
2016-02-20,1128.73225,0
2016-02-21,-236.40324999999999,0
2016-02-22,-333.82,0
2016-02-23,-2874.125,0
2016-02-24,320.224375,0
2016-02-25,-238.835,0
2016-02-26,3977.025,0
2016-02-27,3726.0,0
2016-02-28,2204.075,0
2016-02-29,1693.693,0
2016-03-01,-147.63299999999998,0
2016-03-02,362.59274999999997,0
2016-03-03,-616.928,0
2016-03-04,1242.45,0
2016-03-05,1246.4475,0
2016-03-06,2371.885,0
2016-03-07,1396.9225000000001,0
2016-03-08,68.49249999999998,0
2016-03-09,1383.8125,0
2016-03-10,934.7986050000001,0
2016-03-11,2356.3375,0
2016-03-12,529.15375,0
2016-03-13,458.6425,0
2016-03-14,-864.6734,0
2016-03-15,318.04775,0
2016-03-16,1450.8575,0
2016-03-17,-1113.3507749999999,0
2016-03-18,-82.12427500000001,0
2016-03-19,376.86625,0
2016-03-20,4998.825,0
2016-03-21,5170.95,0
2016-03-22,3392.3250000000003,0
2016-03-23,3793.2825,0
2016-03-24,-1888.215,0
2016-03-25,-4975.175,0
2016-03-26,-2922.3525,1
2016-03-27,-6289.5575,1
2016-03-28,-2307.634,1
2016-03-29,-800.8500000000004,1
2016-03-30,2414.625,1
2016-03-31,390.68050000000005,1
2016-04-01,-2454.255,1
2016-04-02,-4712.125,1
2016-04-03,-724.53175,1
2016-04-04,1488.33,1
2016-04-05,635.341125,1
2016-04-06,4223.4,1
2016-04-07,1324.4091,1
2016-04-08,183.3335,1
2016-04-09,-4773.8025,1
2016-04-10,-4213.26,1
2016-04-11,-5960.950000000001,1
2016-04-12,-4229.3,1
2016-04-13,-4936.099999999999,1
2016-04-14,-666.735,1
2016-04-15,-313.89750000000004,1
2016-04-16,834.04,1
2016-04-17,873.6200000000001,1
2016-04-18,195.82703999999998,1
2016-04-19,-1669.5610000000001,1
2016-04-20,-2511.7775,1
2016-04-21,-727.2325000000001,1
2016-04-22,-41.939,1
2016-04-23,1594.8575,1
2016-04-24,4708.8,1
2016-04-25,3381.575,1
2016-04-26,3538.9,1
2016-04-27,4951.5,1
2016-04-28,6363.675,1
2016-04-29,3887.785,1
2016-04-30,4823.655,1
2016-05-01,4338.6,1
2016-05-02,6331.85,1
2016-05-03,686.6800000000001,1
2016-05-04,827.84,1
2016-05-05,-43.795175,1
2016-05-06,-1278.255,1
2016-05-07,-4271.025,1
2016-05-08,-2722.165,1
2016-05-09,-538.5450000000001,1
2016-05-10,-1783.8285,1
2016-05-11,346.919,1
2016-05-12,304.1125,1
2016-05-13,441.3625,1
2016-05-14,1058.23025,1
2016-05-15,4503.175,1
2016-05-16,3500.3500000000004,1
2016-05-17,1446.5500000000002,1
2016-05-18,83.005,1
2016-05-19,921.905,1
2016-05-20,-1294.4625,1
2016-05-21,-521.85725,1
2016-05-22,261.855,1
2016-05-23,-829.339875,1
2016-05-24,-1458.2125,1
2016-05-25,-987.97,1
2016-05-26,-1256.5025,1
2016-05-27,-2608.35,1
2016-05-28,-2311.5,1
2016-05-29,-472.57349999999997,1
2016-05-30,988.3699999999999,1
2016-05-31,4033.825,1
2016-06-01,2006.375,1
2016-06-02,5.617499999999993,1
2016-06-03,-241.887125,1
2016-06-04,-684.38975,1
2016-06-05,-827.3825,1
2016-06-06,155.15087499999998,1
2016-06-07,227.49295,1
2016-06-08,512.5450000000001,1
2016-06-09,722.03575,1
2016-06-10,-16.868750000000034,1
2016-06-11,-559.6475,1
2016-06-12,-326.612,1
2016-06-13,-622.0775,1
2016-06-14,-1144.11,1
2016-06-15,584.4300000000001,1
2016-06-16,292.535,1
2016-06-17,393.325,1
2016-06-18,1250.6185,1
2016-06-19,2208.775,1
2016-06-20,1559.2275,1
2016-06-21,3003.2749999999996,1
2016-06-22,2291.77525,1
2016-06-23,3526.0025,1
2016-06-24,8095.675,1
2016-06-25,12766.3,1
2016-06-26,8087.275,1
2016-06-27,5554.325000000001,1
2016-06-28,3628.975,1
2016-06-29,322.0865,1
2016-06-30,127.88650000000001,1
2016-07-01,1595.24,1
2016-07-02,6242.025,1
2016-07-03,9308.9,1
2016-07-04,8554.275,1
2016-07-05,7211.975,1
2016-07-06,764.0074999999999,1
2016-07-07,2248.565,1
2016-07-08,1600.85,1
2016-07-09,368.9925,1
2016-07-10,-80.67,1
2016-07-11,558.46325,1
2016-07-12,2351.125,1
2016-07-13,4857.0599999999995,1
2016-07-14,3376.765,1
2016-07-15,116.76525,1
2016-07-16,-68.27722499999999,1
2016-07-17,-24.12395,1
2016-07-18,-75.0788,1
2016-07-19,-112.33275,1
2016-07-20,134.2235,1
2016-07-21,161.04975000000002,1
2016-07-22,4684.975,1
2016-07-23,4536.3,1
2016-07-24,6416.7,1
2016-07-25,5419.45,1
2016-07-26,12223.125,1
2016-07-27,10404.225,1
2016-07-28,10452.525,1
2016-07-29,10887.175,1
2016-07-30,3002.5249999999996,1
2016-07-31,5156.05,1
2016-08-01,5443.35,1
2016-08-02,3719.155,1
2016-08-03,-568.89,1
2016-08-04,1265.3274999999999,1
2016-08-05,3528.125,1
2016-08-06,2567.19,1
2016-08-07,5053.975,1
2016-08-08,8465.675,1
2016-08-09,11765.975,1
2016-08-10,6430.2,1
2016-08-11,309.32925,1
2016-08-12,21.2955,1
2016-08-13,580.525,1
2016-08-14,145.70075,1
2016-08-15,-773.0225,1
2016-08-16,-1152.40275,1
2016-08-17,641.638,1
2016-08-18,-1461.5325,1
2016-08-19,-145.811,1
2016-08-20,1116.72,1
2016-08-21,2480.91,1
2016-08-22,623.91525,1
2016-08-23,3184.9624999999996,1
2016-08-24,720.12,1
2016-08-25,6548.15,1
2016-08-26,1526.35,1
2016-08-27,283.276,1
2016-08-28,2063.17,1
2016-08-29,5179.025,1
2016-08-30,3836.625,1
2016-08-31,6945.475,1
2016-09-01,3142.825,1
2016-09-02,1134.685,1
2016-09-03,602.8215,1
2016-09-04,877.5,1
2016-09-05,584.265,1
2016-09-06,73.149,1
2016-09-07,605.3985,1
2016-09-08,-315.40049999999997,1
2016-09-09,-1311.28525,1
2016-09-10,146.763140145,1
2016-09-11,-2842.3824999999997,1
2016-09-12,-736.5175000000002,1
2016-09-13,227.557,1
2016-09-14,-134.2025,1
2016-09-15,536.08575,1
2016-09-16,3563.25,1
2016-09-17,3659.425,1
2016-09-18,2496.4775,1
2016-09-19,6060.975,1
2016-09-20,3291.6,1
2016-09-21,897.0540000000001,1
2016-09-22,-88.24249999999999,1
2016-09-23,-2342.06875,1
2016-09-24,-628.7725,1
2016-09-25,1521.4745,1
2016-09-26,155.08493225,1
2016-09-27,2648.5,1
2016-09-28,478.373725,1
2016-09-29,90.9292025,1
2016-09-30,871.21,1
2016-10-01,-75.22225,1
2016-10-02,-117.05625,1
2016-10-03,-1297.4,1
2016-10-04,3185.025,1
2016-10-05,2014.065,1
2016-10-06,-144.723,1
2016-10-07,425.86225,1
2016-10-08,3790.625,1
2016-10-09,845.91925,1
2016-10-10,-2281.74325,1
2016-10-11,-1129.0675,1
2016-10-12,29.39240000000001,1
2016-10-13,1708.7725,1
2016-10-14,-2193.0525,1
2016-10-15,-2819.4925,1
2016-10-16,-364.1025,0
2016-10-17,2073.215,0
2016-10-18,890.805,0
2016-10-19,2059.975,0
2016-10-20,499.26025,0
2016-10-21,-569.5074999999999,1
2016-10-22,-4266.975,1
2016-10-23,-2597.7525,1
2016-10-24,137.8565,1
2016-10-25,319.13750000000005,1
2016-10-26,222.5435,1
2016-10-27,-19.353999999999996,1
2016-10-28,-31.9932,1
2016-10-29,-189.487,1
2016-10-30,-229.7095,1
2016-10-31,-1045.0275000000001,1
2016-11-01,-772.2425,1
2016-11-02,-443.3225,1
2016-11-03,-482.5625,1
2016-11-04,808.8325,1
2016-11-05,367.09749999999997,1
2016-11-06,309.63225,1
2016-11-07,94.51775,1
2016-11-08,-1315.1257500000002,1
2016-11-09,-361.64194999999995,1
2016-11-10,-1292.475,1
2016-11-11,-643.80425,1
2016-11-12,1955.95,1
2016-11-13,2644.5,1
2016-11-14,817.6202499999999,1
2016-11-15,-19.574,1
2016-11-16,133.95075,1
2016-11-17,-4.786749999999995,1
2016-11-18,-1420.0255,1
2016-11-19,-2996.2675,1
2016-11-20,-4628.2,1
2016-11-21,-91.1015,1
2016-11-22,1463.0,1
2016-11-23,-625.3549999999999,1
2016-11-24,6743.65,1
2016-11-25,1220.8474999999999,1
2016-11-26,180.3325,1
2016-11-27,352.86,1
2016-11-28,-150.395,1
2016-11-29,-517.65125,1
2016-11-30,-1018.5550000000001,1
2016-12-01,-650.295,1
2016-12-02,-1110.6200000000001,1
2016-12-03,-653.615,1
2016-12-04,-87.79448500000001,1
2016-12-05,-545.492,1
2016-12-06,-861.8875,1
2016-12-07,-1709.7150000000001,1
2016-12-08,-2783.3,1
2016-12-09,-3018.5200000000004,1
2016-12-10,-2471.625,1
2016-12-11,-1076.8475,1
2016-12-12,-1037.2875,1
2016-12-13,-4536.625,1
2016-12-14,-2681.2349999999997,1
2016-12-15,745.6500000000001,1
2016-12-16,1025.5325,1
2016-12-17,270.51425,1
2016-12-18,114.25225,1
2016-12-19,1081.7675,1
2016-12-20,-500.7355,1
2016-12-21,-710.9,1
2016-12-22,-413.9375,1
2016-12-23,-93.67775,1
2016-12-24,-68.362,1
2016-12-25,-41.94475,1
2016-12-26,-131.62525,1
2016-12-27,-111.8335,1
2016-12-28,-55.54625,1
2016-12-29,-245.29649999999998,1
2016-12-30,-455.52750000000003,1
2016-12-31,-585.135,1
2017-01-01,-7209.825,0
2017-01-02,-3058.1499999999996,0
2017-01-03,-1082.685,0
2017-01-04,-372.3125,0
2017-01-05,-37.43124999999999,0
2017-01-06,-59.097049999999996,0
2017-01-07,-124.03425,0
2017-01-08,-15.761750000000001,0
2017-01-09,446.56425,0
2017-01-10,817.04,0
2017-01-11,-84.5,0
2017-01-12,523.5975,0
2017-01-13,250.445,0
2017-01-14,65.93175,0
2017-01-15,214.76125000000002,0
2017-01-16,1445.325,0
2017-01-17,1598.075,0
2017-01-18,850.1225,0
2017-01-19,239.42649999999998,0
2017-01-20,330.10015000000004,0
2017-01-21,1.2637500000000017,0
2017-01-22,-195.10750000000002,0
2017-01-23,255.04274999999998,0
2017-01-24,-3052.8175,0
2017-01-25,-5448.725,0
2017-01-26,-816.6500000000001,0
2017-01-27,-429.0,0
2017-01-28,-3427.25,0
2017-01-29,-4020.1,0
2017-01-30,-5062.776,0
2017-01-31,-2724.2614,0
2017-02-01,-8776.525,0
2017-02-02,-8099.025,0
2017-02-03,-7592.675,0
2017-02-04,-3639.8250000000003,0
2017-02-05,-4003.92,0
2017-02-06,-1175.38575,0
2017-02-07,58.149499999999996,0
2017-02-08,-4313.193,0
2017-02-09,-8758.725,0
2017-02-10,551.81475,0
2017-02-11,3287.275,0
2017-02-12,-1660.096,0
2017-02-13,-3010.7749999999996,0
2017-02-14,-1029.72,0
2017-02-15,-84.954475,0
2017-02-16,-23.99225,0
2017-02-17,-331.9075,1
2017-02-18,1620.4825,1
2017-02-19,1686.9175,1
2017-02-20,1099.7525,1
2017-02-21,295.00075,1
2017-02-22,948.74475,1
2017-02-23,2798.6425,1
2017-02-24,1568.31275,1
2017-02-25,-566.137,1
2017-02-26,-1554.17,1
2017-02-27,-1549.7675,1
2017-02-28,-1637.745,1
2017-03-01,-3697.975,1
2017-03-02,-3306.0625,1
2017-03-03,-403.5215,1
2017-03-04,-1692.1499999999999,1
2017-03-05,-1567.78825,1
2017-03-06,-429.232,1
2017-03-07,-70.9965,1
2017-03-08,65.7895,0
2017-03-09,-199.205825,0
2017-03-10,-397.975,0
2017-03-11,471.18,0
2017-03-12,1682.74,0
2017-03-13,5392.225,0
2017-03-14,1347.275,0
2017-03-15,137.35,0
2017-03-16,321.5025,0
2017-03-17,3733.1749999999997,0
2017-03-18,3921.55,0
2017-03-19,2888.5147500000003,0
2017-03-20,320.3025,0
2017-03-21,-888.784,0
2017-03-22,802.8050000000001,0
2017-03-23,1040.945,0
2017-03-24,463.32225,0
2017-03-25,-689.685,0
2017-03-26,-1479.226,0
2017-03-27,-3432.575,0
2017-03-28,-4686.85,0
2017-03-29,-5176.275,0
2017-03-30,-3683.35,0
2017-03-31,-229.01,0
2017-04-01,125.1411,0
2017-04-02,1715.975,0
2017-04-03,1503.655,0
2017-04-04,6795.625,0
2017-04-05,1134.8455,0
2017-04-06,204.9118325,0
2017-04-07,-37.946725,0
2017-04-08,-27.722,0
2017-04-09,15.914492500000009,0
2017-04-10,1148.6299999999999,1
2017-04-11,188.89375,1
2017-04-12,27.35195,1
2017-04-13,-148.25,1
2017-04-14,469.29075,1
2017-04-15,2727.2025,1
2017-04-16,227.6825,1
2017-04-17,134.70825,1
2017-04-18,1573.6599999999999,1
2017-04-19,3068.25,1
2017-04-20,-384.83775,1
2017-04-21,23.582849999999997,1
2017-04-22,269.194,1
2017-04-23,370.055,1
2017-04-24,179.042325,1
2017-04-25,3700.175,1
2017-04-26,3932.0750000000003,1
2017-04-27,4503.175,1
2017-04-28,288.2575,1
2017-04-29,-2318.6400000000003,1
2017-04-30,-867.01175,1
2017-05-01,-226.315,1
2017-05-02,797.9475,1
2017-05-03,-31.556000000000004,1
2017-05-04,-780.2874999999999,1
2017-05-05,-2887.1675,1
2017-05-06,-984.932,1
2017-05-07,625.285875,1
2017-05-08,443.4436925,1
2017-05-09,-1827.6275,1
2017-05-10,-3460.375,1
2017-05-11,-1184.64,1
2017-05-12,-2593.2125,1
2017-05-13,-2058.55,1
2017-05-14,-1296.6225,1
2017-05-15,-150.4275,1
2017-05-16,230.811875,1
2017-05-17,979.48,1
2017-05-18,248.94774999999998,1
2017-05-19,540.433,1
2017-05-20,1330.00975,1
2017-05-21,2139.95,1
2017-05-22,3860.875,1
2017-05-23,823.37975,1
2017-05-24,112.53025,1
2017-05-25,482.022,1
2017-05-26,755.6725,1
2017-05-27,-60.129175000000004,1
2017-05-28,-236.43125,1
2017-05-29,269.30025,1
2017-05-30,1927.225,1
2017-05-31,1183.65,1
2017-06-01,223.4875,1
2017-06-02,4623.725,1
2017-06-03,2112.9375,1
2017-06-04,-553.635,1
2017-06-05,-73.08949999999993,1
2017-06-06,1245.65,1
2017-06-07,-24.413200000000003,1
2017-06-08,-39.562,1
2017-06-09,-289.2175,1
2017-06-10,850.84375,1
2017-06-11,10165.275,1
2017-06-12,3490.1083,1
2017-06-13,2191.75,1
2017-06-14,6969.025,1
2017-06-15,8489.175,1
2017-06-16,103.83749999999999,1
2017-06-17,-108.622,1
2017-06-18,-125.8644,1
2017-06-19,-102.79899999999999,1
2017-06-20,-95.77425000000001,1
2017-06-21,332.643675,1
2017-06-22,189.00300000000001,1
2017-06-23,393.21074999999996,1
2017-06-24,2933.65,1
2017-06-25,1664.7825,1
2017-06-26,-231.49012500000003,1
2017-06-27,-1058.7325,1
2017-06-28,377.84975,1
2017-06-29,1317.2224999999999,1
2017-06-30,919.6475,1
2017-07-01,1805.92,1
2017-07-02,3103.59,1
2017-07-03,82.72574999999999,1
2017-07-04,-167.737,1
2017-07-05,1002.6142500000001,1
2017-07-06,1320.7675,1
2017-07-07,4045.4610000000002,1
2017-07-08,4935.57,1
2017-07-09,591.0350275,1
2017-07-10,2397.495,1
2017-07-11,107.58837500000001,1
2017-07-12,6151.35,1
2017-07-13,9883.55,1
2017-07-14,10448.1,1
2017-07-15,4261.635,1
2017-07-16,-149.15,1
2017-07-17,-1066.8475,1
2017-07-18,-762.7175000000001,0
2017-07-19,319.51750000000004,0
2017-07-20,1454.65275,0
2017-07-21,-426.50975,0
2017-07-22,340.96725000000004,0
2017-07-23,983.1949999999999,0
2017-07-24,4027.075,0
2017-07-25,4243.975,0
2017-07-26,-551.12,0
2017-07-27,-153.860725,0
2017-07-28,-618.1125,0
2017-07-29,-658.36725,0
2017-07-30,260.485,0
2017-07-31,787.7725,0
2017-08-01,-916.774925,0
2017-08-02,-801.082575,0
2017-08-03,-1484.45,0
2017-08-04,4435.47025,0
2017-08-05,9411.775,0
2017-08-06,7711.45,0
2017-08-07,2052.6006075,0
2017-08-08,1289.145,0
2017-08-09,3257.815,0
2017-08-10,5008.325,0
2017-08-11,5358.525,0
2017-08-12,4612.150000000001,0
2017-08-13,931.0625,0
2017-08-14,277.901,0
2017-08-15,401.471,0
2017-08-16,-48.682,0
2017-08-17,-115.55250000000001,0
2017-08-18,5921.4,0
2017-08-19,5028.15,0
2017-08-20,534.2435,0
2017-08-21,-309.09999999999997,0
2017-08-22,1288.0325,0
2017-08-23,4690.125,0
2017-08-24,37.37524999999998,0
2017-08-25,-882.2775,0
2017-08-26,-129.0931225,0
2017-08-27,3.1325000000000003,0
2017-08-28,2319.27,0
2017-08-29,2494.425,0
2017-08-30,3064.55,0
2017-08-31,4719.875,1
2017-09-01,4535.175,1
2017-09-02,-76.42250000000001,1
2017-09-03,-471.7895,1
2017-09-04,-328.417,1
2017-09-05,5206.25,1
2017-09-06,5660.525,1
2017-09-07,3119.5424999999996,1
2017-09-08,192.437,1
2017-09-09,11.259999999999991,1
2017-09-10,-191.40375,1
2017-09-11,-515.032,1
2017-09-12,-138.65175,1
2017-09-13,940.644775,1
2017-09-14,2217.0725,1
2017-09-15,1079.999875,1
2017-09-16,211.19387500000002,1
2017-09-17,-739.53275,1
2017-09-18,162.07475,1
2017-09-19,371.8315,1
2017-09-20,1013.055,1
2017-09-21,5968.975,1
2017-09-22,1531.83,1
2017-09-23,-4747.525,1
2017-09-24,-1832.5774999999999,1
2017-09-25,311.90549999999996,1
2017-09-26,-1859.6,1
2017-09-27,-758.59,1
2017-09-28,-1910.205,1
2017-09-29,1570.6525000000001,1
2017-09-30,120.48360000000001,1
2017-10-01,1288.9650000000001,1
2017-10-02,1711.73,1
2017-10-03,1377.2605,1
2017-10-04,-51.64450000000001,1
2017-10-05,840.0999999999999,1
2017-10-06,1478.893,1
2017-10-07,196.63250000000002,1
2017-10-08,124.35125000000001,1
2017-10-09,466.9375,1
2017-10-10,-230.69375,1
2017-10-11,137.00135,1
2017-10-12,255.651,1
2017-10-13,-180.12125000000003,1
2017-10-14,-2096.4625,1
2017-10-15,-1706.8799999999999,1
2017-10-16,717.4499999999999,1
2017-10-17,-1148.79,1
2017-10-18,-2120.2125,1
2017-10-19,-1541.4212499999999,1
2017-10-20,-1604.689,1
2017-10-21,-41.34525,1
2017-10-22,533.45,1
2017-10-23,150.79025000000001,1
2017-10-24,-524.2,1
2017-10-25,-1438.1625,1
2017-10-26,11.746750000000002,1
2017-10-27,1225.5575,1
2017-10-28,1285.82,1
2017-10-29,3378.3,1
2017-10-30,1642.09825,1
2017-10-31,-1816.3425,1
2017-11-01,-1342.125,1
2017-11-02,-2039.025,1
2017-11-03,1094.35,1
2017-11-04,1297.289,1
2017-11-05,199.950125,1
2017-11-06,588.01775,1
2017-11-07,869.2575,1
2017-11-08,342.54225,1
2017-11-09,846.446825,1
2017-11-10,743.38975,1
2017-11-11,300.72954999999996,1
2017-11-12,489.0155,1
2017-11-13,999.54,1
2017-11-14,-37.55749999999999,1
2017-11-15,-279.921,1
2017-11-16,230.2095,1
2017-11-17,206.376,1
2017-11-18,101.638575,1
2017-11-19,-305.53274999999996,1
2017-11-20,-1469.4125,1
2017-11-21,-3107.425,1
2017-11-22,-3114.75,1
2017-11-23,-2324.5099999999998,1
2017-11-24,1960.6225,1
2017-11-25,2881.315,1
2017-11-26,-106.915,1
2017-11-27,-186.902,1
2017-11-28,762.5550000000001,1
2017-11-29,465.0853,1
2017-11-30,363.2555,1
2017-12-01,249.56629999999998,1
2017-12-02,281.75025,0
2017-12-03,-72.53999999999999,0
2017-12-04,-271.0195,0
2017-12-05,-583.185,0
2017-12-06,-4376.35,0
2017-12-07,-1062.9299999999998,0
2017-12-08,-117.002775,0
2017-12-09,-3484.7250000000004,0
2017-12-10,128.64100000000008,0
2017-12-11,349.3505,0
2017-12-12,-1957.5325,0
2017-12-13,-1434.3575,0
2017-12-14,120.655,0
2017-12-15,181.79865,0
2017-12-16,72.49825,0
2017-12-17,-85.90475,0
2017-12-18,590.0425,0
2017-12-19,684.02825,0
2017-12-20,2.2162500000000023,0
2017-12-21,36.46275,0
2017-12-22,1146.6715,0
2017-12-23,-401.80649999999997,0
2017-12-24,-3301.5575,0
2017-12-25,-2041.1915250000002,0
2017-12-26,-718.215,0
2017-12-27,-473.12149999999997,0
2017-12-28,-1029.195,0
2017-12-29,-3022.2,0
2017-12-30,-6303.3475,0
2017-12-31,-3164.4750000000004,0
2018-01-01,-2739.95,0
2018-01-02,-2154.925,0
2018-01-03,-3100.275,0
2018-01-04,-4576.3075,0
2018-01-05,49.140000000000015,0
2018-01-06,283.97974999999997,0
2018-01-07,3818.675,0
2018-01-08,199.6725,0
2018-01-09,-2497.165,0
2018-01-10,-16.896000000000043,0
2018-01-11,-2714.026,0
2018-01-12,-3213.4775000000004,0
2018-01-13,-255.68765,0
2018-01-14,-214.035,0
2018-01-15,-1784.2450000000001,0
2018-01-16,105.92775,0
2018-01-17,9.390150000000006,0
2018-01-18,124.14625000000001,0
2018-01-19,-705.415,0
2018-01-20,-688.7425000000001,0
2018-01-21,-985.25,0
2018-01-22,-838.1899999999999,0
2018-01-23,-3939.6400000000003,0
2018-01-24,-915.53375,0
2018-01-25,773.6099999999999,0
2018-01-26,428.1597,0
2018-01-27,543.7675,0
2018-01-28,278.4475,0
2018-01-29,571.73475,0
2018-01-30,317.06,0
2018-01-31,711.643,0
2018-02-01,1483.55,0
2018-02-02,257.35525,0
2018-02-03,1365.0349999999999,0
2018-02-04,4806.5,0
2018-02-05,2044.4575,0
2018-02-06,2109.8275,0
2018-02-07,603.82275,0
2018-02-08,-673.2727500000001,0
2018-02-09,535.2655,0
2018-02-10,-345.7925,0
2018-02-11,370.642,0
2018-02-12,-2718.0482500000003,0
2018-02-13,-4136.65,0
2018-02-14,-3180.25,0
2018-02-15,-2289.35,0
2018-02-16,639.9825000000001,0
2018-02-17,965.961925,0
2018-02-18,1266.27,0
2018-02-19,2539.7,0
2018-02-20,2856.625,0
2018-02-21,1617.8289,0
2018-02-22,-117.23275000000001,0
2018-02-23,-249.10049999999998,0
2018-02-24,-141.6635,0
2018-02-25,-280.96000000000004,0
2018-02-26,57.4535,0
2018-02-27,257.89,0
2018-02-28,-1014.9999999999999,0
2018-03-01,-2889.1,0
2018-03-02,-4517.875,0
2018-03-03,-2383.895,0
2018-03-04,-2632.0074999999997,0
2018-03-05,-1347.1599999999999,0
2018-03-06,-867.725,0
2018-03-07,-2983.025,0
2018-03-08,-6031.75,1
2018-03-09,-7155.3,1
2018-03-10,-17149.025,1
2018-03-11,-391.52824999999996,1
2018-03-12,-2696.9249999999997,1
2018-03-13,-9194.725,1
2018-03-14,-9636.85,1
2018-03-15,-1510.4375,1
2018-03-16,-603.56525,1
2018-03-17,-37.39475,1
2018-03-18,154.95975,1
2018-03-19,2217.2,1
2018-03-20,2220.6575000000003,1
2018-03-21,1381.25455,1
2018-03-22,-1607.1525000000001,1
2018-03-23,2279.975,1
2018-03-24,457.7125,1
2018-03-25,300.6575,1
2018-03-26,-534.995,1
2018-03-27,-2110.04,1
2018-03-28,-856.77,1
2018-03-29,-3870.86825,1
2018-03-30,1063.1325000000002,1
2018-03-31,-5521.525,1
2018-04-01,-3584.655,1
2018-04-02,-5691.425,1
2018-04-03,-3279.275,1
2018-04-04,-2171.0975,1
2018-04-05,-5900.6175,1
2018-04-06,-2685.4075,1
2018-04-07,-751.3774999999998,1
2018-04-08,1643.0975,1
2018-04-09,-41.912500000000044,1
2018-04-10,576.725,1
2018-04-11,-1542.0875,1
2018-04-12,457.6325,1
2018-04-13,401.1125,1
2018-04-14,-1913.0774999999999,1
2018-04-15,-1653.2275,1
2018-04-16,-5005.65,1
2018-04-17,-948.75325,1
2018-04-18,497.23400000000004,1
2018-04-19,3348.475,1
2018-04-20,808.54125,1
2018-04-21,405.46972500000004,1
2018-04-22,7201.275,1
2018-04-23,9083.525,1
2018-04-24,6373.5,1
2018-04-25,7162.799999999999,1
2018-04-26,1996.3,1
2018-04-27,-56.67869999999999,1
2018-04-28,650.50625,1
2018-04-29,-1368.6499999999999,1
2018-04-30,1308.31375,1
2018-05-01,-2807.8625,1
2018-05-02,-1689.8274999999999,1
2018-05-03,7215.55,1
2018-05-04,5525.5,1
2018-05-05,1794.5675,1
2018-05-06,1399.825,1
2018-05-07,2085.0075,1
2018-05-08,5084.425,1
2018-05-09,3183.825,1
2018-05-10,955.2750000000001,1
2018-05-11,301.256575,1
2018-05-12,76.88692499999999,1
2018-05-13,858.9390000000001,1
2018-05-14,4452.65,1
2018-05-15,8333.45,1
2018-05-16,8841.55,1
2018-05-17,7542.575,1
2018-05-18,4896.8025,1
2018-05-19,1967.6325,1
2018-05-20,58.816,1
2018-05-21,150.036,1
2018-05-22,573.005,1
2018-05-23,764.6167499999999,1
2018-05-24,4184.25,1
2018-05-25,9556.15,1
2018-05-26,2087.2000000000003,1
2018-05-27,474.72,1
2018-05-28,2728.225,1
2018-05-29,912.48425,1
2018-05-30,-79.02850000000001,1
2018-05-31,-304.7,1
2018-06-01,2385.0,1
2018-06-02,-490.5075,1
2018-06-03,-1016.37,1
2018-06-04,136.247,1
2018-06-05,642.845,1
2018-06-06,-726.3749999999999,1
2018-06-07,20.347250000000003,1
2018-06-08,-1199.7820000000002,1
2018-06-09,572.2845,1
2018-06-10,772.08375,1
2018-06-11,1960.625,1
2018-06-12,2909.125,1
2018-06-13,2613.5025,1
2018-06-14,1016.8824999999999,1
2018-06-15,5565.22,1
2018-06-16,7162.0,1
2018-06-17,4894.55,1
2018-06-18,10117.525,1
2018-06-19,177.72074999999998,1
2018-06-20,2452.8325,1
2018-06-21,3126.0525000000002,1
2018-06-22,1286.69,1
2018-06-23,63.8255,1
2018-06-24,44.75685,1
2018-06-25,1238.9225000000001,1
2018-06-26,937.92125,1
2018-06-27,2263.3125,1
2018-06-28,2137.2332499999998,1
2018-06-29,33.36325,1
2018-06-30,-176.232,1
2018-07-01,-522.4475,1
2018-07-02,-920.0125,1
2018-07-03,-550.33475,1
2018-07-04,-120.24275,1
2018-07-05,368.88,1
2018-07-06,1088.085,1
2018-07-07,2449.95,1
2018-07-08,4288.6825,1
2018-07-09,1431.625,1
2018-07-10,7386.0,1
2018-07-11,7122.675,1
2018-07-12,2092.365025,1
2018-07-13,194.74107000000004,1
2018-07-14,-274.58074999999997,1
2018-07-15,-271.981,1
2018-07-16,1510.3045,1
2018-07-17,6790.675,1
2018-07-18,1005.52,1
2018-07-19,5066.35,1
2018-07-20,2486.82775,1
2018-07-21,1578.24,1
2018-07-22,1906.764,1
2018-07-23,-131.39475000000002,1
2018-07-24,2527.325,1
2018-07-25,480.7875,1
2018-07-26,-163.39577500000001,1
2018-07-27,45.129999999999995,1
2018-07-28,-2249.3125,1
2018-07-29,-1843.1611975,1
2018-07-30,572.27875,1
2018-07-31,2086.0699999999997,1
2018-08-01,3743.125,1
2018-08-02,300.7325,1
2018-08-03,1599.75,1
2018-08-04,889.9725,1
2018-08-05,-128.20250000000001,0
2018-08-06,234.12499999999997,0
2018-08-07,329.5565,0
2018-08-08,1490.4675000000002,0
2018-08-09,3252.8500000000004,0
2018-08-10,4101.6,0
2018-08-11,131.5025,0
2018-08-12,144.79025,0
2018-08-13,2791.95,0
2018-08-14,3945.3075,0
2018-08-15,3138.6125,0
2018-08-16,8014.475,0
2018-08-17,7307.4,0
2018-08-18,1520.1275,0
2018-08-19,2281.6,0
2018-08-20,1080.65,0
2018-08-21,47.470622500000005,0
2018-08-22,884.5305,0
2018-08-23,4868.025,0
2018-08-24,4953.45,0
2018-08-25,4836.9,0
2018-08-26,676.535,0
2018-08-27,816.6825,0
2018-08-28,882.615,0
2018-08-29,3830.1375,0
2018-08-30,5626.675,0
2018-08-31,4594.085,0
2018-09-01,137.26125,0
2018-09-02,172.665,0
2018-09-03,1958.5175,0
2018-09-04,1393.9475,0
2018-09-05,5540.075,0
2018-09-06,4718.55,0
2018-09-07,1198.5225,0
2018-09-08,387.7495,0
2018-09-09,3084.2,0
2018-09-10,2294.25,0
2018-09-11,1372.565,0
2018-09-12,2772.1749999999997,0
2018-09-13,3585.225,0
2018-09-14,4560.65,0
2018-09-15,1674.425,0
2018-09-16,199.495,0
2018-09-17,-734.23625,0
2018-09-18,-253.30225000000002,0
2018-09-19,-155.44625,0
2018-09-20,-1638.72,0
2018-09-21,206.465125,0
2018-09-22,375.8995,0
2018-09-23,5550.275,0
2018-09-24,5693.21,0
2018-09-25,205.3935,0
2018-09-26,-277.13550000000004,0
2018-09-27,112.76299999999999,0
2018-09-28,509.76,0
2018-09-29,374.89875,0
2018-09-30,4469.625,0
2018-10-01,3816.875,0
2018-10-02,244.8545,0
2018-10-03,701.1625,0
2018-10-04,18.0807,0
2018-10-05,52.51974999999999,0
2018-10-06,1577.5825,0
2018-10-07,2833.715,0
2018-10-08,243.9049,0
2018-10-09,101.89274999999999,0
2018-10-10,-3583.305,0
2018-10-11,-8297.975,0
2018-10-12,-7306.6,0
2018-10-13,3206.9975,0
2018-10-14,-4734.8949999999995,0
2018-10-15,168.578,0
2018-10-16,333.38075000000003,0
2018-10-17,1384.513,0
2018-10-18,5868.4,0
2018-10-19,5270.65,0
2018-10-20,1472.4,0
2018-10-21,1642.4125,0
2018-10-22,2138.6724999999997,0
2018-10-23,-44.153097499999994,0
2018-10-24,-9.4945,0
2018-10-25,37.696200000000005,0
2018-10-26,4334.3,0
2018-10-27,2563.2,0
2018-10-28,2134.8375,0
2018-10-29,-854.345,0
2018-10-30,-350.6725,0
2018-10-31,-592.24685,0
2018-11-01,-401.022,0
2018-11-02,42.4474,0
2018-11-03,-2487.6642500000003,0
2018-11-04,333.87,0
2018-11-05,-4261.1025,0
2018-11-06,-4572.825,0
2018-11-07,-5335.475,0
2018-11-08,-5462.7225,0
2018-11-09,-5871.325,0
2018-11-10,-3848.72325,0
2018-11-11,-328.6115,0
2018-11-12,36.24442,0
2018-11-13,544.82025,0
2018-11-14,-305.70250000000004,0
2018-11-15,-132.07175,0
2018-11-16,-1793.1935,0
2018-11-17,-960.79125,0
2018-11-18,-38.0895,0
2018-11-19,572.2455,0
2018-11-20,-889.3512499999999,0
2018-11-21,-5260.299999999999,0
2018-11-22,-1536.0525,0
2018-11-23,-2716.95,0
2018-11-24,165.96900000000002,0
2018-11-25,407.1875,0
2018-11-26,-2601.9,0
2018-11-27,-9905.875,0
2018-11-28,-10063.655,0
2018-11-29,-532.4125,0
2018-11-30,-3399.2325,0
2018-12-01,-5423.275,0
2018-12-02,-4161.1,0
2018-12-03,-1639.9524999999999,0
2018-12-04,-3601.4500000000003,0
2018-12-05,-174.75725,0
2018-12-06,-1403.9325000000001,0
2018-12-07,-180.7425,0
2018-12-08,-623.355,0
2018-12-09,864.66275,0
2018-12-10,-539.96085,0
2018-12-11,-127.98750000000001,0
2018-12-12,-3054.83,0
2018-12-13,-403.7675,0
2018-12-14,-7137.775,0
2018-12-15,-825.4138575,0
2018-12-16,-1578.95,0
2018-12-17,-11541.275,0
2018-12-18,-7238.7225,0
2018-12-19,-1598.1,0
2018-12-20,-3163.575,0
2018-12-21,-3920.65,0
2018-12-22,-1356.67,0
2018-12-23,-1743.47,0
2018-12-24,-175.60899999999998,0
2018-12-25,-409.35,0
2018-12-26,-2053.0525,0
2018-12-27,76.437,0
2018-12-28,1148.5375,0
2018-12-29,30.132550000000002,0
2018-12-30,-95.05625,0
2018-12-31,-5.526704999999999,0
2019-01-01,553.5875,0
2019-01-02,201.71725,0
2019-01-03,-182.30175,0
2019-01-04,-90.398825,0
2019-01-05,55.3797625,0
2019-01-06,210.8075,0
2019-01-07,414.4075,0
2019-01-08,1234.0325,0
2019-01-09,2923.725,0
2019-01-10,153.8025,0
2019-01-11,594.86,0
2019-01-12,1161.92,0
2019-01-13,1253.8,0
2019-01-14,463.28049999999996,0
2019-01-15,-353.87425,0
2019-01-16,528.37075,0
2019-01-17,-478.58975,0
2019-01-18,-1287.1775,0
2019-01-19,2199.0299999999997,0
2019-01-20,799.5572,0
2019-01-21,496.3875,0
2019-01-22,2553.4750000000004,0
2019-01-23,2448.7,0
2019-01-24,1143.645,0
2019-01-25,1682.2175,0
2019-01-26,566.2574999999999,0
2019-01-27,647.4300000000001,0
2019-01-28,-169.95974999999999,0
2019-01-29,-1065.4099999999999,0
2019-01-30,-1780.5,0
2019-01-31,-2287.3657000000003,0
2019-02-01,2641.9025,0
2019-02-02,-85.46250000000003,0
2019-02-03,-2453.255,0
2019-02-04,-1383.0425,0
2019-02-05,-1071.9275,0
2019-02-06,-724.70925,0
2019-02-07,-2277.22725,0
2019-02-08,-3707.05,0
2019-02-09,-4301.212500000001,0
2019-02-10,73.05045,0
2019-02-11,552.3737500000001,0
2019-02-12,-339.79312500000003,0
2019-02-13,-873.355,0
2019-02-14,-1999.3125,0
2019-02-15,-188.861,0
2019-02-16,-1937.7725,0
2019-02-17,1223.295,0
2019-02-18,403.04625,0
2019-02-19,-1463.44025,0
2019-02-20,-2399.0125,0
2019-02-21,-2004.8899999999999,0
2019-02-22,-2344.39,0
2019-02-23,-87.05775,0
2019-02-24,-146.3007,0
2019-02-25,-219.523,0
2019-02-26,-2015.003325,0
2019-02-27,-923.0675,0
2019-02-28,-515.3249999999999,0
2019-03-01,-500.33675,0
2019-03-02,-1600.925,0
2019-03-03,-4663.316,0
