fecha,UI,abierto/cerrado,ao
2014-01-16,-5191.9,1.0,94.8
2014-01-17,57.20875000000004,1.0,94.8
2014-01-18,1022.2500000000001,1.0,94.8
2014-01-19,1037.3174999999999,1.0,94.8
2014-01-20,-2332.9075000000003,1.0,94.8
2014-01-21,425.77250000000004,1.0,94.8
2014-01-22,603.475,0.0,94.8
2014-01-23,199.66650000000004,0.0,94.8
2014-01-24,-200.2485,0.0,94.8
2014-01-25,-547.80575,0.0,94.8
2014-01-26,198.27,0.0,94.8
2014-01-27,-1053.57175,0.0,94.8
2014-01-28,154.52000000000004,0.0,94.8
2014-01-29,1104.3625,0.0,94.8
2014-01-30,-521.726175,0.0,0.0
2014-01-31,-2097.3337500000002,0.0,0.0
2014-02-01,-770.745,0.0,0.0
2014-02-02,-6647.5425,0.0,0.0
2014-02-03,-7228.75,0.0,0.0
2014-02-04,-5316.425,0.0,0.0
2014-02-05,-13488.1,0.0,0.0
2014-02-06,-4496.95,0.0,0.0
2014-02-07,-8143.975,0.0,0.0
2014-02-08,-4660.05,0.0,0.0
2014-02-09,1134.875,0.0,0.0
2014-02-10,-746.3425,0.0,0.0
2014-02-11,-2370.78075,0.0,0.0
2014-02-12,-4194.6,0.0,0.0
2014-02-13,-10776.475,0.0,0.0
2014-02-14,-1668.945,0.0,0.0
2014-02-15,-409.71425,0.0,0.0
2014-02-16,-6214.1449999999995,0.0,0.0
2014-02-17,-3360.3,0.0,0.0
2014-02-18,-1193.5974999999999,0.0,0.0
2014-02-19,-1826.6699999999998,0.0,0.0
2014-02-20,-681.5975,0.0,0.0
2014-02-21,-1799.825,0.0,0.0
2014-02-22,-5167.3,0.0,0.0
2014-02-23,-561.0725000000001,0.0,0.0
2014-02-24,-4052.15,0.0,0.0
2014-02-25,-709.097,0.0,0.0
2014-02-26,-1519.1074999999998,0.0,0.0
2014-02-27,-581.9275,0.0,0.0
2014-02-28,-1146.795,0.0,0.0
2014-03-01,-225.66749999999996,0.0,0.0
2014-03-02,-677.915,0.0,0.0
2014-03-03,-674.865,0.0,0.0
2014-03-04,-333.28855,0.0,0.0
2014-03-05,1531.2625,0.0,0.0
2014-03-06,602.7625,0.0,0.0
2014-03-07,-159.1825,0.0,0.0
2014-03-08,-428.4675,0.0,0.0
2014-03-09,4.045249999999999,0.0,0.0
2014-03-10,2138.2925,0.0,0.0
2014-03-11,891.14,0.0,0.0
2014-03-12,155.962,0.0,0.0
2014-03-13,96.68375,0.0,0.0
2014-03-14,415.361,0.0,0.0
2014-03-15,1843.4475,0.0,0.0
2014-03-16,964.87525,0.0,0.0
2014-03-17,734.0425,0.0,0.0
2014-03-18,5647.7625,0.0,0.0
2014-03-19,39.384750000000004,0.0,0.0
2014-03-20,-1892.9724999999999,0.0,0.0
2014-03-21,-66.38325000000002,0.0,0.0
2014-03-22,95.9719,0.0,0.0
2014-03-23,-3101.6725,0.0,0.0
2014-03-24,-26.260250000000013,0.0,0.0
2014-03-25,557.51,0.0,0.0
2014-03-26,-63.00425000000007,0.0,0.0
2014-03-27,1462.43,0.0,0.0
2014-03-28,-42.66700000000001,0.0,0.0
2014-03-29,-2405.8525,0.0,0.0
2014-03-30,-1559.8500000000001,0.0,0.0
2014-03-31,-3471.45,0.0,0.0
2014-04-01,-2218.4375,0.0,82.5
2014-04-02,-464.8195,0.0,82.5
2014-04-03,-375.365,0.0,100.1
2014-04-04,-1577.0725,0.0,100.1
2014-04-05,-1988.9499999999998,1.0,100.1
2014-04-06,-3765.6375000000003,1.0,100.1
2014-04-07,3427.6499999999996,1.0,200.1
2014-04-08,3470.0425,1.0,200.1
2014-04-09,32.84225000000001,1.0,200.1
2014-04-10,1869.5985,1.0,200.1
2014-04-11,8521.8,1.0,200.1
2014-04-12,7375.424999999999,1.0,200.1
2014-04-13,748.755,1.0,200.1
2014-04-14,306.5028175,1.0,200.1
2014-04-15,377.3625,1.0,200.1
2014-04-16,1025.7745,1.0,200.1
2014-04-17,744.1635,1.0,200.1
2014-04-18,723.97,1.0,200.1
2014-04-19,211.391,1.0,200.1
2014-04-20,-71.3237,1.0,200.1
2014-04-21,-1024.95,1.0,200.1
2014-04-22,-1930.0774999999999,1.0,200.1
2014-04-23,-1757.8425,1.0,200.1
2014-04-24,-2217.8050000000003,1.0,207.3
2014-04-25,-2750.771,1.0,207.3
2014-04-26,-219.16750000000002,1.0,207.3
2014-04-27,-500.95575,1.0,207.3
2014-04-28,-692.9032500000001,1.0,207.3
2014-04-29,-134.5645,1.0,190.1
2014-04-30,248.77105,1.0,190.1
2014-05-01,3367.75,1.0,190.1
2014-05-02,4988.875,1.0,190.1
2014-05-03,1444.85,1.0,190.1
2014-05-04,3.8368750000000023,1.0,190.1
2014-05-05,-589.09905,1.0,190.1
2014-05-06,-133.32797499999998,1.0,1062.9
2014-05-07,698.6625,1.0,1062.9
2014-05-08,87.006225,1.0,1062.9
2014-05-09,-96.97999999999999,1.0,1062.9
2014-05-10,309.42575,1.0,1062.9
2014-05-11,1338.2225,1.0,1062.9
2014-05-12,4164.0275,1.0,1062.9
2014-05-13,6076.325,1.0,1062.9
2014-05-14,574.4225,1.0,1062.9
2014-05-15,763.28275,1.0,1062.9
2014-05-16,1586.4575,1.0,1062.9
2014-05-17,1059.2125,1.0,1062.9
2014-05-18,548.4225,1.0,1062.9
2014-05-19,-1184.3335,1.0,1062.9
2014-05-20,-1895.3875,1.0,1062.9
2014-05-21,246.14750000000004,1.0,1062.9
2014-05-22,341.91999999999996,1.0,1062.9
2014-05-23,187.688,1.0,1062.9
2014-05-24,375.371,1.0,1062.9
2014-05-25,447.58575,1.0,1062.9
2014-05-26,-1359.25625,1.0,1062.9
2014-05-27,-84.11250000000001,1.0,1062.9
2014-05-28,-56.82050000000001,1.0,1062.9
2014-05-29,1585.4674999999997,1.0,1062.9
2014-05-30,3790.0,1.0,1062.9
2014-05-31,6258.3,1.0,1062.9
2014-06-01,3645.6099999999997,1.0,1062.9
2014-06-02,1329.5455,1.0,1062.9
2014-06-03,145.6525,1.0,1062.9
2014-06-04,-1358.805,1.0,1062.9
2014-06-05,-4303.7975,1.0,1062.9
2014-06-06,-5533.525,1.0,1062.9
2014-06-07,-2100.4735,1.0,1062.9
2014-06-08,-519.5799999999999,1.0,1062.9
2014-06-09,-457.71274999999997,1.0,1062.9
2014-06-10,107.7235,1.0,1062.9
2014-06-11,1491.95,1.0,1062.9
2014-06-12,1913.825,1.0,1062.9
2014-06-13,6136.6,1.0,1062.9
2014-06-14,7210.45,1.0,1062.9
2014-06-15,4131.525,1.0,1062.9
2014-06-16,1328.655,1.0,1062.9
2014-06-17,502.504,1.0,1062.9
2014-06-18,23.33925,1.0,1062.9
2014-06-19,1311.375,1.0,1062.9
2014-06-20,-243.84434000000002,1.0,1062.9
2014-06-21,-1790.6325,1.0,1062.9
2014-06-22,999.5625,1.0,1062.9
2014-06-23,3462.835,1.0,1062.9
2014-06-24,4342.725,1.0,1062.9
2014-06-25,-519.4087499999999,1.0,1062.9
2014-06-26,101.70375,1.0,1062.9
2014-06-27,-619.5149999999999,1.0,592.9
2014-06-28,112.44375,1.0,592.9
2014-06-29,-537.71475,1.0,592.9
2014-06-30,-931.765,1.0,592.9
2014-07-01,1282.93,1.0,592.9
2014-07-02,7716.675,1.0,592.9
2014-07-03,5041.79475,1.0,592.9
2014-07-04,-1038.525,1.0,592.9
2014-07-05,-663.9999999999999,1.0,592.9
2014-07-06,481.39325,1.0,592.9
2014-07-07,401.95425,1.0,592.9
2014-07-08,5731.35,1.0,592.9
2014-07-09,8537.725,1.0,186.8
2014-07-10,5169.225,1.0,186.8
2014-07-11,6761.425,1.0,145.0
2014-07-12,4691.150000000001,1.0,145.0
2014-07-13,1717.06,1.0,145.0
2014-07-14,4199.475,1.0,112.53333333333336
2014-07-15,2294.97,1.0,112.53333333333336
2014-07-16,-1227.89,0.0,112.53333333333336
2014-07-17,-1161.95,0.0,128.4
2014-07-18,-1798.2725,0.0,128.4
2014-07-19,-211.52849999999998,0.0,128.4
2014-07-20,370.75475,0.0,128.4
2014-07-21,3665.05,0.0,128.4
2014-07-22,729.0725,0.0,128.4
2014-07-23,1595.6950000000002,0.0,128.4
2014-07-24,6069.075,0.0,128.4
2014-07-25,6799.125,0.0,128.4
2014-07-26,7487.325,0.0,128.4
2014-07-27,4779.975,0.0,128.4
2014-07-28,6015.4,0.0,128.4
2014-07-29,6958.9,0.0,128.4
2014-07-30,3120.45,0.0,128.4
2014-07-31,2154.2025,0.0,128.4
2014-08-01,-1626.175,0.0,128.4
2014-08-02,153.07150000000001,0.0,128.4
2014-08-03,-52.5455,0.0,128.4
2014-08-04,-249.917,1.0,128.4
2014-08-05,-601.3695,1.0,128.4
2014-08-06,-496.76,1.0,128.4
2014-08-07,-1000.4499999999999,1.0,128.4
2014-08-08,-518.79,1.0,128.4
2014-08-09,-1584.6925,1.0,128.4
2014-08-10,2023.3405,1.0,128.4
2014-08-11,-723.8800000000001,1.0,128.4
2014-08-12,249.1965,1.0,128.4
2014-08-13,456.7905,1.0,128.4
2014-08-14,1205.0035,1.0,128.4
2014-08-15,5678.1,1.0,128.4
2014-08-16,4830.3375,1.0,128.4
2014-08-17,4085.725,1.0,128.4
2014-08-18,4717.05,1.0,128.4
2014-08-19,3996.975,1.0,128.4
2014-08-20,2909.75,1.0,128.4
2014-08-21,3437.05,1.0,128.4
2014-08-22,3531.45,1.0,3390.7
2014-08-23,1905.7525,1.0,3390.7
2014-08-24,-1387.9375,1.0,3390.7
2014-08-25,-3322.7250000000004,1.0,3390.7
2014-08-26,-2079.695,1.0,3390.7
2014-08-27,111.74879999999999,1.0,3390.7
2014-08-28,340.0645,1.0,3390.7
2014-08-29,5472.625,1.0,3390.7
2014-08-30,4710.45,1.0,3390.7
2014-08-31,2351.6,1.0,3390.7
2014-09-01,74.65174999999999,1.0,3390.7
2014-09-02,-657.4525,1.0,3390.7
2014-09-03,-319.0138,1.0,3390.7
2014-09-04,-387.125,1.0,2791.0
2014-09-05,-1268.3975,1.0,2791.0
2014-09-06,-788.31675,1.0,2791.0
2014-09-07,-559.5525,1.0,2791.0
2014-09-08,100.8566,1.0,2791.0
2014-09-09,61.94499999999999,1.0,2791.0
2014-09-10,-1515.02,1.0,2791.0
2014-09-11,-1434.9325,1.0,2791.0
2014-09-12,-135.289675,1.0,2791.0
2014-09-13,-856.9125,1.0,2791.0
2014-09-14,-2425.375,1.0,2791.0
2014-09-15,-1746.9750000000001,1.0,2791.0
2014-09-16,-3413.95,1.0,2791.0
2014-09-17,-7718.6,1.0,2791.0
2014-09-18,-3538.525,1.0,2791.0
2014-09-19,-5228.95,1.0,2791.0
2014-09-20,-1057.9834999999998,1.0,2791.0
2014-09-21,1864.875,1.0,2791.0
2014-09-22,1108.01925,1.0,2791.0
2014-09-23,6066.875,1.0,2791.0
2014-09-24,4072.85,1.0,2791.0
2014-09-25,516.4649999999999,1.0,2791.0
2014-09-26,307.643625,1.0,2791.0
2014-09-27,70.8915,1.0,2791.0
2014-09-28,6.1497,1.0,2791.0
2014-09-29,259.07099999999997,1.0,2791.0
2014-09-30,3614.8,1.0,2791.0
2014-10-01,2154.4875,1.0,2791.0
2014-10-02,365.0655,1.0,2791.0
2014-10-03,354.00525,1.0,2791.0
2014-10-04,2358.15,1.0,2791.0
2014-10-05,-2216.6025,1.0,2791.0
2014-10-06,-579.5675,1.0,2791.0
2014-10-07,-1647.0725,1.0,2791.0
2014-10-08,-466.6675,1.0,2791.0
2014-10-09,-113.862375,1.0,2791.0
2014-10-10,-1638.075,1.0,488.1
2014-10-11,-713.045,1.0,488.1
2014-10-12,-861.7250000000001,1.0,488.1
2014-10-13,-2651.05,1.0,488.1
2014-10-14,-3672.725,1.0,488.1
2014-10-15,-885.0775,1.0,488.1
2014-10-16,-4740.22975,1.0,230.2
2014-10-17,-8375.575,1.0,230.2
2014-10-18,-3974.2625,1.0,230.2
2014-10-19,176.87075000000002,1.0,230.2
2014-10-20,24.643475000000002,1.0,230.2
2014-10-21,312.789,1.0,230.2
2014-10-22,102.5596435,1.0,230.2
2014-10-23,-54.08875,1.0,226.9
2014-10-24,259.53650000000005,1.0,226.9
2014-10-25,10.217000000000013,1.0,226.9
2014-10-26,-316.4375,1.0,226.9
2014-10-27,-1905.975,1.0,226.9
2014-10-28,-604.86,1.0,124.2
2014-10-29,-748.2974999999999,1.0,154.33333333333334
2014-10-30,-2795.09,1.0,154.33333333333334
2014-10-31,416.77500000000003,1.0,83.3
2014-11-01,-1672.755,1.0,83.3
2014-11-02,-2646.73,1.0,83.3
2014-11-03,661.7425000000001,1.0,96.66666666666669
2014-11-04,585.5875,1.0,96.66666666666669
2014-11-05,-1846.0,0.0,83.4
2014-11-06,-1792.84,0.0,100.4
2014-11-07,-1684.4699999999998,0.0,55.2
2014-11-08,378.14750000000004,0.0,55.2
2014-11-09,-3593.6549999999997,0.0,55.2
2014-11-10,-2015.6349999999998,0.0,62.6
2014-11-11,-1723.7,0.0,62.6
2014-11-12,-5982.51,0.0,62.6
2014-11-13,-5879.15,0.0,62.6
2014-11-14,-2126.7999999999997,0.0,62.6
2014-11-15,-898.76,0.0,62.6
2014-11-16,-112.2285,0.0,62.6
2014-11-17,-3844.2200000000003,0.0,61.5
2014-11-18,-207.88875000000002,0.0,61.5
2014-11-19,-174.36075,0.0,82.1
2014-11-20,-734.5925,0.0,82.1
2014-11-21,-490.27725,0.0,82.1
2014-11-22,3193.48625,0.0,82.1
2014-11-23,4709.925,0.0,82.1
2014-11-24,3170.75,0.0,0.0
2014-11-25,-189.612,0.0,0.0
2014-11-26,-357.91225,0.0,0.0
2014-11-27,-4508.59,0.0,0.0
2014-11-28,327.53164075,0.0,0.0
2014-11-29,6205.375,0.0,0.0
2014-11-30,3955.175,0.0,0.0
2014-12-01,1107.2075,0.0,56.1
2014-12-02,4779.875,0.0,56.1
2014-12-03,1531.2975000000001,0.0,56.1
2014-12-04,188.75905,0.0,56.1
2014-12-05,961.81,0.0,56.1
2014-12-06,948.01,0.0,56.1
2014-12-07,151.1995,0.0,56.1
2014-12-08,413.283,0.0,56.1
2014-12-09,-0.09075000000000166,0.0,56.1
2014-12-10,34.568925,0.0,56.1
2014-12-11,-1877.0825,0.0,56.1
2014-12-12,-1398.8675,0.0,56.1
2014-12-13,11460.05,0.0,56.1
2014-12-14,1420.944075,0.0,56.1
2014-12-15,929.4024999999999,0.0,56.1
2014-12-16,771.5975,0.0,56.1
2014-12-17,-8.376275,0.0,56.1
2014-12-18,-199.14375,0.0,0.0
2014-12-19,-967.815,0.0,0.0
2014-12-20,296.92,0.0,0.0
2014-12-21,-72.25825,0.0,0.0
2014-12-22,-501.1345,0.0,0.0
2014-12-23,-407.72,0.0,0.0
2014-12-24,-28.145249999999997,0.0,0.0
2014-12-25,231.1701,0.0,0.0
2014-12-26,-64.182,0.0,0.0
2014-12-27,467.32050000000004,0.0,0.0
2014-12-28,739.21,0.0,0.0
2014-12-29,-366.38989749999996,0.0,0.0
2014-12-30,-741.269,0.0,0.0
2014-12-31,-172.95999999999998,0.0,0.0
2015-01-01,-481.73,0.0,0.0
2015-01-02,-583.165,0.0,0.0
2015-01-03,66.215,0.0,0.0
2015-01-04,-247.25975,0.0,0.0
2015-01-05,-1864.06,0.0,0.0
2015-01-06,-548.9124999999999,0.0,0.0
2015-01-07,-427.275,0.0,0.0
2015-01-08,-340.7575,0.0,0.0
2015-01-09,-715.012,0.0,0.0
2015-01-10,-212.36600000000004,0.0,0.0
2015-01-11,-656.95775,0.0,0.0
2015-01-12,-5356.515,0.0,0.0
2015-01-13,-902.928,0.0,0.0
2015-01-14,-6787.51375,0.0,0.0
2015-01-15,-395.0925000000001,0.0,0.0
2015-01-16,-366.056,0.0,0.0
2015-01-17,-3894.745,0.0,0.0
2015-01-18,3002.15,0.0,0.0
2015-01-19,466.13750000000005,0.0,0.0
2015-01-20,1414.1925,0.0,0.0
2015-01-21,1336.12475,0.0,0.0
2015-01-22,-345.087,0.0,0.0
2015-01-23,792.41,0.0,0.0
2015-01-24,1298.5925,0.0,0.0
2015-01-25,1725.565,0.0,0.0
2015-01-26,528.5822499999999,0.0,0.0
2015-01-27,875.53975,0.0,0.0
2015-01-28,-715.8824999999999,0.0,0.0
2015-01-29,-84.10499999999999,0.0,0.0
2015-01-30,1717.8649999999998,0.0,0.0
2015-01-31,1710.875,0.0,0.0
2015-02-01,-394.2275,0.0,0.0
2015-02-02,1662.75,0.0,0.0
2015-02-03,2463.3,0.0,0.0
2015-02-04,1182.2275,0.0,0.0
2015-02-05,1303.6625,0.0,0.0
2015-02-06,1466.6625,0.0,0.0
2015-02-07,1080.9315000000001,0.0,0.0
2015-02-08,1506.615,0.0,0.0
2015-02-09,277.4425,0.0,0.0
2015-02-10,-366.68,0.0,0.0
2015-02-11,-1135.4475,0.0,0.0
2015-02-12,-2376.697,0.0,0.0
2015-02-13,-1201.285,0.0,0.0
2015-02-14,-395.6700000000001,0.0,0.0
2015-02-15,102.23525000000001,0.0,0.0
2015-02-16,2432.4,0.0,0.0
2015-02-17,1994.275,0.0,0.0
2015-02-18,583.14165,0.0,0.0
2015-02-19,-1268.3075000000001,0.0,0.0
2015-02-20,874.8725,0.0,0.0
2015-02-21,-18.592499999999973,0.0,0.0
2015-02-22,-561.1725,0.0,0.0
2015-02-23,429.3525,0.0,0.0
2015-02-24,182.96075,0.0,0.0
2015-02-25,-48.16425000000001,0.0,0.0
2015-02-26,667.085,0.0,0.0
2015-02-27,-723.0550000000001,0.0,0.0
2015-02-28,-2550.9,0.0,0.0
2015-03-01,-2280.08,0.0,0.0
2015-03-02,-6.186949999999996,0.0,0.0
2015-03-03,3126.175,0.0,0.0
2015-03-04,2162.0225,0.0,0.0
2015-03-05,-50.80425000000001,0.0,0.0
2015-03-06,10.630749999999999,0.0,0.0
2015-03-07,2.18926,0.0,0.0
2015-03-08,325.59335,0.0,0.0
2015-03-09,446.19,0.0,0.0
2015-03-10,-47.192675,0.0,0.0
2015-03-11,-754.637,0.0,0.0
2015-03-12,1380.6727500000002,0.0,0.0
2015-03-13,2370.98,0.0,0.0
2015-03-14,3009.3,0.0,0.0
2015-03-15,2471.95,0.0,0.0
2015-03-16,-289.868,0.0,0.0
2015-03-17,3555.875,0.0,0.0
2015-03-18,4600.125,0.0,0.0
2015-03-19,8383.45,0.0,0.0
2015-03-20,11715.4,0.0,0.0
2015-03-21,7737.25,0.0,0.0
2015-03-22,5919.25,0.0,0.0
2015-03-23,10197.35,0.0,0.0
2015-03-24,2659.0924999999997,0.0,0.0
2015-03-25,546.285,0.0,0.0
2015-03-26,14.904999999999973,0.0,0.0
2015-03-27,-2.6992499999999993,0.0,0.0
2015-03-28,-209.38425,0.0,0.0
2015-03-29,-282.03999999999996,0.0,0.0
2015-03-30,23.299250000000008,0.0,75.1
2015-03-31,3129.425,0.0,75.1
2015-04-01,3820.99,0.0,72.3
2015-04-02,1219.0,0.0,72.3
2015-04-03,5680.05,0.0,72.3
2015-04-04,1156.45,0.0,72.3
2015-04-05,131.4142375,0.0,72.3
2015-04-06,650.0315,1.0,160.0
2015-04-07,-430.729,1.0,160.0
2015-04-08,213.95,1.0,160.0
2015-04-09,-138.67525,1.0,160.0
2015-04-10,-29.9495,1.0,160.0
2015-04-11,301.145,1.0,160.0
2015-04-12,381.2025,1.0,160.0
2015-04-13,411.1625,1.0,160.0
2015-04-14,-516.022,1.0,160.0
2015-04-15,-133.17775,1.0,304.4
2015-04-16,-825.4125,1.0,304.4
2015-04-17,-2743.895,1.0,304.4
2015-04-18,298.94,1.0,304.4
2015-04-19,51.519524999999994,1.0,304.4
2015-04-20,245.58075,1.0,304.4
2015-04-21,114.6375,1.0,304.4
2015-04-22,-551.29875,1.0,304.4
2015-04-23,-1280.5324999999998,1.0,304.4
2015-04-24,-2229.975,1.0,304.4
2015-04-25,-913.10925,1.0,304.4
2015-04-26,234.50549999999998,1.0,304.4
2015-04-27,1763.175,1.0,304.4
2015-04-28,-98.87575,1.0,304.4
2015-04-29,-3039.2524999999996,1.0,304.4
2015-04-30,-4122.5975,1.0,304.4
2015-05-01,-3656.0699999999997,1.0,304.4
2015-05-02,-3111.0195750000003,1.0,304.4
2015-05-03,-1194.65075,1.0,304.4
2015-05-04,-2977.6025,1.0,304.4
2015-05-05,-460.23449999999997,1.0,304.4
2015-05-06,-392.03644999999995,1.0,304.4
2015-05-07,-1826.1,1.0,304.4
2015-05-08,-85.175,1.0,304.4
2015-05-09,245.926,1.0,304.4
2015-05-10,639.0074999999999,1.0,304.4
2015-05-11,513.15425,1.0,304.4
2015-05-12,-268.79575,1.0,304.4
2015-05-13,-499.56,1.0,304.4
2015-05-14,305.536825,1.0,304.4
2015-05-15,3248.675,1.0,304.4
2015-05-16,6527.4,1.0,304.4
2015-05-17,7607.35,1.0,304.4
2015-05-18,5029.38,1.0,304.4
2015-05-19,2180.435,1.0,304.4
2015-05-20,3828.395,1.0,304.4
2015-05-21,7686.225,1.0,346.3
2015-05-22,6251.625,1.0,346.3
2015-05-23,8197.9,1.0,346.3
2015-05-24,8223.9,1.0,346.3
2015-05-25,7245.85,1.0,346.3
2015-05-26,6720.15,1.0,346.3
2015-05-27,9684.2,1.0,263.6
2015-05-28,8582.85,1.0,263.6
2015-05-29,2640.5025,1.0,263.6
2015-05-30,-516.4659750000001,1.0,263.6
2015-05-31,726.45775,1.0,263.6
2015-06-01,7.8177499999999895,1.0,263.6
2015-06-02,857.9025,1.0,263.6
2015-06-03,1470.5125,1.0,134.6
2015-06-04,2596.575,1.0,134.6
2015-06-05,8504.275,1.0,176.0
2015-06-06,4574.125,1.0,176.0
2015-06-07,516.3050000000001,1.0,176.0
2015-06-08,1205.0875,1.0,176.0
2015-06-09,10047.725,1.0,176.0
2015-06-10,4077.82385,1.0,176.0
2015-06-11,-484.5825,1.0,265.2
2015-06-12,-2731.7325,1.0,265.2
2015-06-13,-1469.905,1.0,265.2
2015-06-14,449.3755,1.0,265.2
2015-06-15,5719.325,1.0,265.2
2015-06-16,8183.15,1.0,265.2
2015-06-17,4635.275,1.0,265.2
2015-06-18,5175.025,1.0,827.7
2015-06-19,4769.1,1.0,827.7
2015-06-20,1783.0425,1.0,827.7
2015-06-21,-81.32875,1.0,827.7
2015-06-22,232.53575,1.0,827.7
2015-06-23,48.90205,1.0,827.7
2015-06-24,186.6225,1.0,827.7
2015-06-25,-339.93210000000005,1.0,827.7
2015-06-26,808.8062500000001,1.0,827.7
2015-06-27,1822.375,1.0,827.7
2015-06-28,3562.8625,1.0,827.7
2015-06-29,-246.46025,1.0,827.7
2015-06-30,-701.1375,1.0,827.7
2015-07-01,-642.3575000000001,1.0,827.7
2015-07-02,-75.70374999999999,1.0,827.7
2015-07-03,-476.82115,1.0,827.7
2015-07-04,1314.5115,1.0,827.7
2015-07-05,2297.4700000000003,1.0,827.7
2015-07-06,-389.62825000000004,1.0,827.7
2015-07-07,3791.025,1.0,827.7
2015-07-08,9916.65,1.0,3460.7
2015-07-09,-550.15075,1.0,3460.7
2015-07-10,407.322375,1.0,3460.7
2015-07-11,5270.875,1.0,3460.7
2015-07-12,6854.474999999999,1.0,3460.7
2015-07-13,9518.45,1.0,3460.7
2015-07-14,7032.8,1.0,3460.7
2015-07-15,2874.5975,1.0,3460.7
2015-07-16,-569.05075,1.0,792.8
2015-07-17,-384.42775,1.0,792.8
2015-07-18,-1744.04,1.0,792.8
2015-07-19,-369.43375,1.0,792.8
2015-07-20,-114.3125,1.0,792.8
2015-07-21,428.93397500000003,1.0,792.8
2015-07-22,2468.0475,1.0,792.8
2015-07-23,-687.515,1.0,844.7
2015-07-24,2135.9750000000004,1.0,844.7
2015-07-25,1011.5050000000001,1.0,844.7
2015-07-26,-154.15550000000002,1.0,844.7
2015-07-27,50.8605,1.0,844.7
2015-07-28,-768.4395,1.0,844.7
2015-07-29,613.86325,1.0,844.7
2015-07-30,4401.375,1.0,490.4
2015-07-31,7304.15,1.0,490.4
2015-08-01,1000.3075,1.0,490.4
2015-08-02,-2299.1625,1.0,490.4
2015-08-03,425.3719,1.0,490.4
2015-08-04,-1353.9645,1.0,490.4
2015-08-05,48.94825,1.0,366.8
2015-08-06,291.75225,1.0,366.8
2015-08-07,2846.5275,1.0,366.8
2015-08-08,5338.825,1.0,366.8
2015-08-09,2486.4750000000004,1.0,366.8
2015-08-10,1409.6,1.0,366.8
2015-08-11,-2376.625,1.0,366.8
2015-08-12,-1033.655,1.0,366.8
2015-08-13,-105.15099999999998,1.0,366.8
2015-08-14,100.4845,1.0,97.2
2015-08-15,-392.45575,1.0,97.2
2015-08-16,257.446,1.0,97.2
2015-08-17,2340.1375,1.0,206.36666666666667
2015-08-18,6026.15,1.0,206.36666666666667
2015-08-19,3479.825,1.0,206.36666666666667
2015-08-20,1544.005,1.0,206.36666666666667
2015-08-21,-739.04,1.0,206.36666666666667
2015-08-22,-4177.83,1.0,206.36666666666667
2015-08-23,-1241.685,1.0,206.36666666666667
2015-08-24,-2941.15,1.0,206.36666666666667
2015-08-25,-5397.25,1.0,206.36666666666667
2015-08-26,-4020.3239999999996,1.0,206.36666666666667
2015-08-27,-4610.55,1.0,268.2
2015-08-28,-1428.48,1.0,268.2
2015-08-29,254.82,1.0,268.2
2015-08-30,47.805,1.0,268.2
2015-08-31,5828.375,1.0,268.2
2015-09-01,8879.474999999999,1.0,268.2
2015-09-02,8352.325,1.0,268.2
2015-09-03,9375.6,1.0,268.2
2015-09-04,6951.45,1.0,268.2
2015-09-05,3547.7,1.0,268.2
2015-09-06,749.28,1.0,268.2
2015-09-07,162.316,1.0,268.2
2015-09-08,-1226.5900000000001,1.0,268.2
2015-09-09,83.22949999999999,1.0,105.7
2015-09-10,-500.1325,1.0,105.7
2015-09-11,1188.1750000000002,1.0,103.63333333333333
2015-09-12,-3060.8574999999996,0.0,103.63333333333333
2015-09-13,-348.635,0.0,103.63333333333333
2015-09-14,-5553.375,0.0,127.5
2015-09-15,-9713.199999999999,0.0,127.5
2015-09-16,-917.2555,0.0,127.5
2015-09-17,-55.52595,0.0,71.8
2015-09-18,454.472,0.0,71.8
2015-09-19,565.16,0.0,71.8
2015-09-20,225.34025,0.0,71.8
2015-09-21,735.6682500000001,1.0,203.5
2015-09-22,311.8606775,1.0,203.5
2015-09-23,2294.275,1.0,203.5
2015-09-24,446.4995,1.0,203.5
2015-09-25,46.783122500000005,1.0,203.5
2015-09-26,86.0135,1.0,203.5
2015-09-27,350.2575,1.0,203.5
2015-09-28,91.70375000000001,1.0,203.5
2015-09-29,677.271105,1.0,203.5
2015-09-30,-756.0805,1.0,203.5
2015-10-01,226.31074999999998,1.0,404.8
2015-10-02,-632.2375000000001,1.0,404.8
2015-10-03,-5651.05,1.0,404.8
2015-10-04,-5453.225,1.0,404.8
2015-10-05,-4555.94,1.0,404.8
2015-10-06,-160.65275000000003,1.0,404.8
2015-10-07,1000.8525,1.0,533.0
2015-10-08,291.0,1.0,533.0
2015-10-09,-3149.0625,1.0,533.0
2015-10-10,-3442.925,1.0,533.0
2015-10-11,446.5624999999999,1.0,533.0
2015-10-12,8056.8,1.0,533.0
2015-10-13,1428.815,1.0,533.0
2015-10-14,-18.372099999999996,1.0,533.0
2015-10-15,-65.86524999999999,1.0,533.0
2015-10-16,-1062.9537500000001,1.0,533.0
2015-10-17,-2584.1575,1.0,533.0
2015-10-18,136.4855,1.0,533.0
2015-10-19,8729.95,1.0,533.0
2015-10-20,6664.95,1.0,533.0
2015-10-21,1208.6275,1.0,533.0
2015-10-22,-332.85157499999997,1.0,533.0
2015-10-23,-228.6775,1.0,533.0
2015-10-24,2417.20625,1.0,533.0
2015-10-25,-1234.725,1.0,533.0
2015-10-26,-1367.73,1.0,533.0
2015-10-27,-2404.875,1.0,309.4
2015-10-28,-4915.35,1.0,309.4
2015-10-29,-7510.65,1.0,309.4
2015-10-30,-6471.650000000001,1.0,309.4
2015-10-31,39.45749999999998,1.0,309.4
2015-11-01,1408.4825,1.0,309.4
2015-11-02,-405.9425,1.0,309.4
2015-11-03,-3070.375,1.0,309.4
2015-11-04,-3827.2675,1.0,309.4
2015-11-05,-5346.575,1.0,309.4
2015-11-06,-1091.9425,1.0,175.2
2015-11-07,-1047.5945000000002,1.0,175.2
2015-11-08,-868.3249999999999,1.0,175.2
2015-11-09,19.7335,1.0,259.4
2015-11-10,97.1108,1.0,259.4
2015-11-11,-93.759,1.0,259.4
2015-11-12,849.1045,1.0,259.4
2015-11-13,2833.765,1.0,259.4
2015-11-14,-170.62675000000002,1.0,259.4
2015-11-15,-351.25109999999995,1.0,259.4
2015-11-16,-2294.7,1.0,259.4
2015-11-17,-2127.0,1.0,259.4
2015-11-18,-314.83752499999997,1.0,259.4
2015-11-19,-438.7960875,1.0,438.0
2015-11-20,54.69999999999993,1.0,438.0
2015-11-21,1289.6825,1.0,438.0
2015-11-22,1004.029,1.0,438.0
2015-11-23,100.2895,1.0,438.0
2015-11-24,131.0362,1.0,267.9
2015-11-25,893.2075,1.0,267.9
2015-11-26,1092.6275,1.0,267.9
2015-11-27,1222.87,1.0,267.9
2015-11-28,325.5377,1.0,267.9
2015-11-29,-197.840715,1.0,267.9
2015-11-30,-350.055,1.0,267.9
2015-12-01,-1070.0175,1.0,311.5
2015-12-02,-5469.475,1.0,311.5
2015-12-03,-79.68899999999996,1.0,311.5
2015-12-04,-36.24707500000001,1.0,311.5
2015-12-05,-1862.8325,1.0,311.5
2015-12-06,-5421.275,1.0,311.5
2015-12-07,-1892.67625,1.0,311.5
2015-12-08,180.5007,1.0,311.5
2015-12-09,143.825,1.0,148.5
2015-12-10,-128.21025000000003,1.0,148.5
2015-12-11,-219.70175,1.0,74.13333333333333
2015-12-12,-3534.775,1.0,74.13333333333333
2015-12-13,-5322.35,0.0,74.13333333333333
2015-12-14,-5965.6,0.0,107.6
2015-12-15,-4232.3,0.0,107.6
2015-12-16,-7218.525,0.0,107.6
2015-12-17,-2917.3,0.0,107.6
2015-12-18,-7822.65,0.0,107.6
2015-12-19,-2792.3725,0.0,107.6
2015-12-20,-3848.75,0.0,107.6
2015-12-21,-7539.575000000001,0.0,56.1
2015-12-22,-1337.1225,0.0,56.1
2015-12-23,-3327.8275,0.0,56.1
2015-12-24,-5437.0,0.0,56.1
2015-12-25,-4048.2,0.0,56.1
2015-12-26,-3403.775,0.0,56.1
2015-12-27,-8868.575,0.0,56.1
2015-12-28,-3597.875,0.0,65.8
2015-12-29,-8931.75,0.0,65.8
2015-12-30,-999.24,0.0,65.8
2015-12-31,-6350.875,0.0,65.8
2017-01-01,-7209.825,0.0,72.7
2017-01-02,-3058.1499999999996,0.0,67.7
2017-01-03,-1082.685,0.0,67.7
2017-01-04,-372.3125,0.0,67.7
2017-01-05,-37.43124999999999,0.0,67.7
2017-01-06,-59.097049999999996,0.0,67.7
2017-01-07,-124.03425,0.0,67.7
2017-01-08,-15.761750000000001,0.0,67.7
2017-01-09,446.56425,0.0,87.7
2017-01-10,817.04,0.0,87.7
2017-01-11,-84.5,0.0,87.7
2017-01-12,523.5975,0.0,87.7
2017-01-13,250.445,0.0,87.7
2017-01-14,65.93175,0.0,87.7
2017-01-15,214.76125000000002,0.0,87.7
2017-01-16,1445.325,0.0,73.2
2017-01-17,1598.075,0.0,73.2
2017-01-18,850.1225,0.0,73.2
2017-01-19,239.42649999999998,0.0,73.2
2017-01-20,330.10015000000004,0.0,73.2
2017-01-21,1.2637500000000017,0.0,73.2
2017-01-22,-195.10750000000002,0.0,73.2
2017-01-23,255.04274999999998,0.0,61.7
2017-01-24,-3052.8175,0.0,61.7
2017-01-25,-5448.725,0.0,61.7
2017-01-26,-816.6500000000001,0.0,61.7
2017-01-27,-429.0,0.0,61.7
2017-01-28,-3427.25,0.0,61.7
2017-01-29,-4020.1,0.0,61.7
2017-01-30,-5062.776,0.0,49.0
2017-01-31,-2724.2614,0.0,49.0
2017-02-01,-8776.525,0.0,49.0
2017-02-02,-8099.025,0.0,49.0
2017-02-03,-7592.675,0.0,49.0
2017-02-04,-3639.8250000000003,0.0,49.0
2017-02-05,-4003.92,0.0,49.0
2017-02-06,-1175.38575,0.0,49.0
2017-02-07,58.149499999999996,0.0,49.0
2017-02-08,-4313.193,0.0,49.0
2017-02-09,-8758.725,0.0,49.0
2017-02-10,551.81475,0.0,49.0
2017-02-11,3287.275,0.0,49.0
2017-02-12,-1660.096,0.0,49.0
2017-02-13,-3010.7749999999996,0.0,49.0
2017-02-14,-1029.72,0.0,49.0
2017-02-15,-84.954475,0.0,0.0
2017-02-16,-23.99225,0.0,0.0
2017-02-17,-331.9075,1.0,52.0
2017-02-18,1620.4825,1.0,52.0
2017-02-19,1686.9175,1.0,52.0
2017-02-20,1099.7525,1.0,52.0
2017-02-21,295.00075,1.0,52.0
2017-02-22,948.74475,1.0,41.4
2017-02-23,2798.6425,1.0,41.4
2017-02-24,1568.31275,1.0,41.4
2017-02-25,-566.137,1.0,41.4
2017-02-26,-1554.17,1.0,41.4
2017-02-27,-1549.7675,1.0,41.4
2017-02-28,-1637.745,1.0,41.4
2017-03-01,-3697.975,1.0,41.4
2017-03-02,-3306.0625,1.0,41.4
2017-03-03,-403.5215,1.0,41.4
2017-03-04,-1692.1499999999999,1.0,41.4
2017-03-05,-1567.78825,1.0,41.4
2017-03-06,-429.232,1.0,0.0
2017-03-07,-70.9965,1.0,0.0
2017-03-08,65.7895,0.0,0.0
2017-03-09,-199.205825,0.0,0.0
2017-03-10,-397.975,0.0,79.0
2017-03-11,471.18,0.0,79.0
2017-03-12,1682.74,0.0,79.0
2017-03-13,5392.225,0.0,93.1
2017-03-14,1347.275,0.0,93.1
2017-03-15,137.35,0.0,93.1
2017-03-16,321.5025,0.0,74.1
2017-03-17,3733.1749999999997,0.0,74.1
2017-03-18,3921.55,0.0,74.1
2017-03-19,2888.5147500000003,0.0,74.1
2017-03-20,320.3025,0.0,59.9
2017-03-21,-888.784,0.0,59.9
2017-03-22,802.8050000000001,0.0,59.9
2017-03-23,1040.945,0.0,59.9
2017-03-24,463.32225,0.0,43.6
2017-03-25,-689.685,0.0,43.6
2017-03-26,-1479.226,0.0,43.6
2017-03-27,-3432.575,0.0,44.8
2017-03-28,-4686.85,0.0,44.8
2017-03-29,-5176.275,0.0,44.8
2017-03-30,-3683.35,0.0,61.0
2017-03-31,-229.01,0.0,61.0
2017-04-01,125.1411,0.0,61.0
2017-04-02,1715.975,0.0,61.0
2017-04-03,1503.655,0.0,101.0
2017-04-04,6795.625,0.0,101.8
2017-04-05,1134.8455,0.0,101.8
2017-04-06,204.9118325,0.0,80.1
2017-04-07,-37.946725,0.0,80.1
2017-04-08,-27.722,0.0,80.1
2017-04-09,15.914492500000009,0.0,80.1
2017-04-10,1148.6299999999999,1.0,193.0
2017-04-11,188.89375,1.0,193.0
2017-04-12,27.35195,1.0,193.0
2017-04-13,-148.25,1.0,193.0
2017-04-14,469.29075,1.0,193.0
2017-04-15,2727.2025,1.0,193.0
2017-04-16,227.6825,1.0,193.0
2017-04-17,134.70825,1.0,193.0
2017-04-18,1573.6599999999999,1.0,193.0
2017-04-19,3068.25,1.0,395.0
2017-04-20,-384.83775,1.0,395.0
2017-04-21,23.582849999999997,1.0,395.0
2017-04-22,269.194,1.0,395.0
2017-04-23,370.055,1.0,395.0
2017-04-24,179.042325,1.0,395.0
2017-04-25,3700.175,1.0,395.0
2017-04-26,3932.0750000000003,1.0,672.1
2017-04-27,4503.175,1.0,672.1
2017-04-28,288.2575,1.0,672.1
2017-04-29,-2318.6400000000003,1.0,672.1
2017-04-30,-867.01175,1.0,672.1
2017-05-01,-226.315,1.0,672.1
2017-05-02,797.9475,1.0,672.1
2017-05-03,-31.556000000000004,1.0,672.1
2017-05-04,-780.2874999999999,1.0,280.5
2017-05-05,-2887.1675,1.0,280.5
2017-05-06,-984.932,1.0,280.5
2017-05-07,625.285875,1.0,280.5
2017-05-08,443.4436925,1.0,280.5
2017-05-09,-1827.6275,1.0,478.7
2017-05-10,-3460.375,1.0,478.7
2017-05-11,-1184.64,1.0,478.7
2017-05-12,-2593.2125,1.0,478.7
2017-05-13,-2058.55,1.0,478.7
2017-05-14,-1296.6225,1.0,478.7
2017-05-15,-150.4275,1.0,478.7
2017-05-16,230.811875,1.0,478.7
2017-05-17,979.48,1.0,478.7
2017-05-18,248.94774999999998,1.0,478.7
2017-05-19,540.433,1.0,478.7
2017-05-20,1330.00975,1.0,478.7
2017-05-21,2139.95,1.0,478.7
2017-05-22,3860.875,1.0,478.7
2017-05-23,823.37975,1.0,478.7
2017-05-24,112.53025,1.0,478.7
2017-05-25,482.022,1.0,478.7
2017-05-26,755.6725,1.0,567.7
2017-05-27,-60.129175000000004,1.0,567.7
2017-05-28,-236.43125,1.0,567.7
2017-05-29,269.30025,1.0,567.7
2017-05-30,1927.225,1.0,567.7
2017-05-31,1183.65,1.0,567.7
2017-06-01,223.4875,1.0,404.7
2017-06-02,4623.725,1.0,404.7
2017-06-03,2112.9375,1.0,404.7
2017-06-04,-553.635,1.0,404.7
2017-06-05,-73.08949999999993,1.0,404.7
2017-06-06,1245.65,1.0,404.7
2017-06-07,-24.413200000000003,1.0,404.7
2017-06-08,-39.562,1.0,213.1
2017-06-09,-289.2175,1.0,122.7
2017-06-10,850.84375,1.0,122.7
2017-06-11,10165.275,1.0,122.7
2017-06-12,3490.1083,1.0,158.5
2017-06-13,2191.75,1.0,158.5
2017-06-14,6969.025,1.0,79.8
2017-06-15,8489.175,1.0,79.8
2017-06-16,103.83749999999999,1.0,55.23333333333333
2017-06-17,-108.622,1.0,55.23333333333333
2017-06-18,-125.8644,1.0,55.23333333333333
2017-06-19,-102.79899999999999,1.0,66.1
2017-06-20,-95.77425000000001,1.0,66.1
2017-06-21,332.643675,1.0,66.1
2017-06-22,189.00300000000001,1.0,66.1
2017-06-23,393.21074999999996,1.0,66.1
2017-06-24,2933.65,1.0,66.1
2017-06-25,1664.7825,1.0,66.1
2017-06-26,-231.49012500000003,1.0,66.1
2017-06-27,-1058.7325,1.0,0.0
2017-06-28,377.84975,1.0,0.0
2017-06-29,1317.2224999999999,1.0,0.0
2017-06-30,919.6475,1.0,0.0
2017-07-01,1805.92,1.0,0.0
2017-07-02,3103.59,1.0,0.0
2017-07-03,82.72574999999999,1.0,59.2
2017-07-04,-167.737,1.0,59.2
2017-07-05,1002.6142500000001,1.0,59.2
2017-07-06,1320.7675,1.0,59.2
2017-07-07,4045.4610000000002,1.0,0.0
2017-07-08,4935.57,1.0,0.0
2017-07-09,591.0350275,1.0,0.0
2017-07-10,2397.495,1.0,0.0
2017-07-11,107.58837500000001,1.0,0.0
2017-07-12,6151.35,1.0,0.0
2017-07-13,9883.55,1.0,0.0
2017-07-14,10448.1,1.0,0.0
2017-07-15,4261.635,1.0,0.0
2017-07-16,-149.15,1.0,0.0
2017-07-17,-1066.8475,1.0,0.0
2017-07-18,-762.7175000000001,0.0,0.0
2017-07-19,319.51750000000004,0.0,0.0
2017-07-20,1454.65275,0.0,0.0
2017-07-21,-426.50975,0.0,0.0
2017-07-22,340.96725000000004,0.0,0.0
2017-07-23,983.1949999999999,0.0,0.0
2017-07-24,4027.075,0.0,47.5
2017-07-25,4243.975,0.0,47.5
2017-07-26,-551.12,0.0,47.5
2017-07-27,-153.860725,0.0,47.5
2017-07-28,-618.1125,0.0,0.0
2017-07-29,-658.36725,0.0,0.0
2017-07-30,260.485,0.0,0.0
2017-07-31,787.7725,0.0,0.0
2017-08-01,-916.774925,0.0,45.5
2017-08-02,-801.082575,0.0,45.5
2017-08-03,-1484.45,0.0,45.5
2017-08-04,4435.47025,0.0,0.0
2017-08-05,9411.775,0.0,0.0
2017-08-06,7711.45,0.0,0.0
2017-08-07,2052.6006075,0.0,0.0
2017-08-08,1289.145,0.0,0.0
2017-08-09,3257.815,0.0,0.0
2017-08-10,5008.325,0.0,0.0
2017-08-11,5358.525,0.0,0.0
2017-08-12,4612.150000000001,0.0,0.0
2017-08-13,931.0625,0.0,0.0
2017-08-14,277.901,0.0,0.0
2017-08-15,401.471,0.0,0.0
2017-08-16,-48.682,0.0,0.0
2017-08-17,-115.55250000000001,0.0,0.0
2017-08-18,5921.4,0.0,0.0
2017-08-19,5028.15,0.0,0.0
2017-08-20,534.2435,0.0,0.0
2017-08-21,-309.09999999999997,0.0,55.6
2017-08-22,1288.0325,0.0,55.6
2017-08-23,4690.125,0.0,55.6
2017-08-24,37.37524999999998,0.0,76.7
2017-08-25,-882.2775,0.0,76.7
2017-08-26,-129.0931225,0.0,76.7
2017-08-27,3.1325000000000003,0.0,76.7
2017-08-28,2319.27,0.0,76.7
2017-08-29,2494.425,0.0,136.0
2017-08-30,3064.55,0.0,147.2
2017-08-31,4719.875,1.0,147.2
2017-09-01,4535.175,1.0,213.6
2017-09-02,-76.42250000000001,1.0,213.6
2017-09-03,-471.7895,1.0,213.6
2017-09-04,-328.417,1.0,213.6
2017-09-05,5206.25,1.0,213.6
2017-09-06,5660.525,1.0,422.6
2017-09-07,3119.5424999999996,1.0,422.6
2017-09-08,192.437,1.0,422.6
2017-09-09,11.259999999999991,1.0,422.6
2017-09-10,-191.40375,1.0,422.6
2017-09-11,-515.032,1.0,422.6
2017-09-12,-138.65175,1.0,422.6
2017-09-13,940.644775,1.0,183.3
2017-09-14,2217.0725,1.0,183.3
2017-09-15,1079.999875,1.0,183.3
2017-09-16,211.19387500000002,1.0,183.3
2017-09-17,-739.53275,1.0,183.3
2017-09-18,162.07475,1.0,183.3
2017-09-19,371.8315,1.0,183.3
2017-09-20,1013.055,1.0,183.3
2017-09-21,5968.975,1.0,244.9
2017-09-22,1531.83,1.0,244.9
2017-09-23,-4747.525,1.0,244.9
2017-09-24,-1832.5774999999999,1.0,244.9
2017-09-25,311.90549999999996,1.0,244.9
2017-09-26,-1859.6,1.0,244.9
2017-09-27,-758.59,1.0,244.9
2017-09-28,-1910.205,1.0,476.3
2017-09-29,1570.6525000000001,1.0,476.3
2017-09-30,120.48360000000001,1.0,476.3
2017-10-01,1288.9650000000001,1.0,476.3
2017-10-02,1711.73,1.0,476.3
2017-10-03,1377.2605,1.0,476.3
2017-10-04,-51.64450000000001,1.0,476.3
2017-10-05,840.0999999999999,1.0,254.6
2017-10-06,1478.893,1.0,254.6
2017-10-07,196.63250000000002,1.0,254.6
2017-10-08,124.35125000000001,1.0,254.6
2017-10-09,466.9375,1.0,254.6
2017-10-10,-230.69375,1.0,254.6
2017-10-11,137.00135,1.0,254.6
2017-10-12,255.651,1.0,254.6
2017-10-13,-180.12125000000003,1.0,254.6
2017-10-14,-2096.4625,1.0,254.6
2017-10-15,-1706.8799999999999,1.0,254.6
2017-10-16,717.4499999999999,1.0,254.6
2017-10-17,-1148.79,1.0,254.6
2017-10-18,-2120.2125,1.0,254.6
2017-10-19,-1541.4212499999999,1.0,724.1
2017-10-20,-1604.689,1.0,724.1
2017-10-21,-41.34525,1.0,724.1
2017-10-22,533.45,1.0,724.1
2017-10-23,150.79025000000001,1.0,724.1
2017-10-24,-524.2,1.0,724.1
2017-10-25,-1438.1625,1.0,910.6
2017-10-26,11.746750000000002,1.0,910.6
2017-10-27,1225.5575,1.0,910.6
2017-10-28,1285.82,1.0,910.6
2017-10-29,3378.3,1.0,910.6
2017-10-30,1642.09825,1.0,910.6
2017-10-31,-1816.3425,1.0,910.6
2017-11-01,-1342.125,1.0,910.6
2017-11-02,-2039.025,1.0,910.6
2017-11-03,1094.35,1.0,910.6
2017-11-04,1297.289,1.0,910.6
2017-11-05,199.950125,1.0,910.6
2017-11-06,588.01775,1.0,910.6
2017-11-07,869.2575,1.0,910.6
2017-11-08,342.54225,1.0,910.6
2017-11-09,846.446825,1.0,910.6
2017-11-10,743.38975,1.0,272.3
2017-11-11,300.72954999999996,1.0,272.3
2017-11-12,489.0155,1.0,272.3
2017-11-13,999.54,1.0,272.3
2017-11-14,-37.55749999999999,1.0,272.3
2017-11-15,-279.921,1.0,211.7
2017-11-16,230.2095,1.0,211.7
2017-11-17,206.376,1.0,211.7
2017-11-18,101.638575,1.0,211.7
2017-11-19,-305.53274999999996,1.0,211.7
2017-11-20,-1469.4125,1.0,102.2
2017-11-21,-3107.425,1.0,102.2
2017-11-22,-3114.75,1.0,140.9333333333333
2017-11-23,-2324.5099999999998,1.0,140.9333333333333
2017-11-24,1960.6225,1.0,140.9333333333333
2017-11-25,2881.315,1.0,140.9333333333333
2017-11-26,-106.915,1.0,140.9333333333333
2017-11-27,-186.902,1.0,140.9333333333333
2017-11-28,762.5550000000001,1.0,69.8
2017-11-29,465.0853,1.0,69.8
2017-11-30,363.2555,1.0,83.7
2017-12-01,249.56629999999998,1.0,83.7
2017-12-02,281.75025,0.0,83.7
2017-12-03,-72.53999999999999,0.0,83.7
2017-12-04,-271.0195,0.0,110.0
2017-12-05,-583.185,0.0,110.0
2017-12-06,-4376.35,0.0,110.0
2017-12-07,-1062.9299999999998,0.0,110.0
2017-12-08,-117.002775,0.0,110.0
2017-12-09,-3484.7250000000004,0.0,110.0
2017-12-10,128.64100000000008,0.0,110.0
2017-12-11,349.3505,0.0,110.0
2017-12-12,-1957.5325,0.0,101.0
2017-12-13,-1434.3575,0.0,101.0
2017-12-14,120.655,0.0,101.0
2017-12-15,181.79865,0.0,101.0
2017-12-16,72.49825,0.0,101.0
2017-12-17,-85.90475,0.0,101.0
2017-12-18,590.0425,0.0,50.5
2017-12-19,684.02825,0.0,50.5
2017-12-20,2.2162500000000023,0.0,50.5
2017-12-21,36.46275,0.0,50.5
2017-12-22,1146.6715,0.0,50.5
2017-12-23,-401.80649999999997,0.0,50.5
2017-12-24,-3301.5575,0.0,50.5
2017-12-25,-2041.1915250000002,0.0,50.5
2017-12-26,-718.215,0.0,50.5
2017-12-27,-473.12149999999997,0.0,50.5
2017-12-28,-1029.195,0.0,0.0
2017-12-29,-3022.2,0.0,0.0
2017-12-30,-6303.3475,0.0,0.0
2017-12-31,-3164.4750000000004,0.0,0.0
2018-01-01,-2739.95,0.0,0.0
2018-01-02,-2154.925,0.0,0.0
2018-01-03,-3100.275,0.0,0.0
2018-01-04,-4576.3075,0.0,0.0
2018-01-05,49.140000000000015,0.0,0.0
2018-01-06,283.97974999999997,0.0,0.0
2018-01-07,3818.675,0.0,0.0
2018-01-08,199.6725,0.0,0.0
2018-01-09,-2497.165,0.0,0.0
2018-01-10,-16.896000000000043,0.0,0.0
2018-01-11,-2714.026,0.0,0.0
2018-01-12,-3213.4775000000004,0.0,0.0
2018-01-13,-255.68765,0.0,0.0
2018-01-14,-214.035,0.0,0.0
2018-01-15,-1784.2450000000001,0.0,0.0
2018-01-16,105.92775,0.0,0.0
2018-01-17,9.390150000000006,0.0,0.0
2018-01-18,124.14625000000001,0.0,0.0
2018-01-19,-705.415,0.0,0.0
2018-01-20,-688.7425000000001,0.0,0.0
2018-01-21,-985.25,0.0,0.0
2018-01-22,-838.1899999999999,0.0,0.0
2018-01-23,-3939.6400000000003,0.0,0.0
2018-01-24,-915.53375,0.0,0.0
2018-01-25,773.6099999999999,0.0,0.0
2018-01-26,428.1597,0.0,0.0
2018-01-27,543.7675,0.0,0.0
2018-01-28,278.4475,0.0,0.0
2018-01-29,571.73475,0.0,0.0
2018-01-30,317.06,0.0,0.0
2018-01-31,711.643,0.0,0.0
2018-02-01,1483.55,0.0,0.0
2018-02-02,257.35525,0.0,0.0
2018-02-03,1365.0349999999999,0.0,0.0
2018-02-04,4806.5,0.0,0.0
2018-02-05,2044.4575,0.0,0.0
2018-02-06,2109.8275,0.0,0.0
2018-02-07,603.82275,0.0,0.0
2018-02-08,-673.2727500000001,0.0,0.0
2018-02-09,535.2655,0.0,0.0
2018-02-10,-345.7925,0.0,0.0
2018-02-11,370.642,0.0,0.0
2018-02-12,-2718.0482500000003,0.0,0.0
2018-02-13,-4136.65,0.0,0.0
2018-02-14,-3180.25,0.0,0.0
2018-02-15,-2289.35,0.0,0.0
2018-02-16,639.9825000000001,0.0,0.0
2018-02-17,965.961925,0.0,0.0
2018-02-18,1266.27,0.0,0.0
2018-02-19,2539.7,0.0,0.0
2018-02-20,2856.625,0.0,0.0
2018-02-21,1617.8289,0.0,0.0
2018-02-22,-117.23275000000001,0.0,0.0
2018-02-23,-249.10049999999998,0.0,0.0
2018-02-24,-141.6635,0.0,0.0
2018-02-25,-280.96000000000004,0.0,0.0
2018-02-26,57.4535,0.0,0.0
2018-02-27,257.89,0.0,0.0
2018-02-28,-1014.9999999999999,0.0,0.0
2018-03-01,-2889.1,0.0,0.0
2018-03-02,-4517.875,0.0,0.0
2018-03-03,-2383.895,0.0,0.0
2018-03-04,-2632.0074999999997,0.0,0.0
2018-03-05,-1347.1599999999999,0.0,0.0
2018-03-06,-867.725,0.0,0.0
2018-03-07,-2983.025,0.0,0.0
2018-03-08,-6031.75,1.0,119.7
2018-03-09,-7155.3,1.0,145.2
2018-03-10,-17149.025,1.0,145.2
2018-03-11,-391.52824999999996,1.0,145.2
2018-03-12,-2696.9249999999997,1.0,145.2
2018-03-13,-9194.725,1.0,145.2
2018-03-14,-9636.85,1.0,145.2
2018-03-15,-1510.4375,1.0,145.2
2018-03-16,-603.56525,1.0,232.2
2018-03-17,-37.39475,1.0,232.2
2018-03-18,154.95975,1.0,232.2
2018-03-19,2217.2,1.0,232.2
2018-03-20,2220.6575000000003,1.0,232.2
2018-03-21,1381.25455,1.0,232.2
2018-03-22,-1607.1525000000001,1.0,335.1
2018-03-23,2279.975,1.0,335.1
2018-03-24,457.7125,1.0,335.1
2018-03-25,300.6575,1.0,335.1
2018-03-26,-534.995,1.0,335.1
2018-03-27,-2110.04,1.0,335.1
2018-03-28,-856.77,1.0,335.1
2018-03-29,-3870.86825,1.0,335.1
2018-03-30,1063.1325000000002,1.0,335.1
2018-03-31,-5521.525,1.0,335.1
2018-04-01,-3584.655,1.0,335.1
2018-04-02,-5691.425,1.0,335.1
2018-04-03,-3279.275,1.0,335.1
2018-04-04,-2171.0975,1.0,89.4
2018-04-05,-5900.6175,1.0,89.4
2018-04-06,-2685.4075,1.0,146.4
2018-04-07,-751.3774999999998,1.0,146.4
2018-04-08,1643.0975,1.0,146.4
2018-04-09,-41.912500000000044,1.0,146.4
2018-04-10,576.725,1.0,146.4
2018-04-11,-1542.0875,1.0,146.4
2018-04-12,457.6325,1.0,446.0
2018-04-13,401.1125,1.0,446.0
2018-04-14,-1913.0774999999999,1.0,446.0
2018-04-15,-1653.2275,1.0,446.0
2018-04-16,-5005.65,1.0,446.0
2018-04-17,-948.75325,1.0,446.0
2018-04-18,497.23400000000004,1.0,225.0
2018-04-19,3348.475,1.0,225.0
2018-04-20,808.54125,1.0,225.0
2018-04-21,405.46972500000004,1.0,225.0
2018-04-22,7201.275,1.0,225.0
2018-04-23,9083.525,1.0,225.0
2018-04-24,6373.5,1.0,186.5
2018-04-25,7162.799999999999,1.0,186.5
2018-04-26,1996.3,1.0,186.5
2018-04-27,-56.67869999999999,1.0,186.5
2018-04-28,650.50625,1.0,186.5
2018-04-29,-1368.6499999999999,1.0,186.5
2018-04-30,1308.31375,1.0,186.5
2018-05-01,-2807.8625,1.0,186.5
2018-05-02,-1689.8274999999999,1.0,186.5
2018-05-03,7215.55,1.0,243.3
2018-05-04,5525.5,1.0,243.3
2018-05-05,1794.5675,1.0,243.3
2018-05-06,1399.825,1.0,243.3
2018-05-07,2085.0075,1.0,150.8
2018-05-08,5084.425,1.0,150.8
2018-05-09,3183.825,1.0,150.8
2018-05-10,955.2750000000001,1.0,150.8
2018-05-11,301.256575,1.0,150.8
2018-05-12,76.88692499999999,1.0,150.8
2018-05-13,858.9390000000001,1.0,150.8
2018-05-14,4452.65,1.0,150.8
2018-05-15,8333.45,1.0,150.8
2018-05-16,8841.55,1.0,622.0
2018-05-17,7542.575,1.0,622.0
2018-05-18,4896.8025,1.0,622.0
2018-05-19,1967.6325,1.0,622.0
2018-05-20,58.816,1.0,622.0
2018-05-21,150.036,1.0,622.0
2018-05-22,573.005,1.0,622.0
2018-05-23,764.6167499999999,1.0,622.0
2018-05-24,4184.25,1.0,622.0
2018-05-25,9556.15,1.0,509.8
2018-05-26,2087.2000000000003,1.0,509.8
2018-05-27,474.72,1.0,509.8
2018-05-28,2728.225,1.0,509.8
2018-05-29,912.48425,1.0,509.8
2018-05-30,-79.02850000000001,1.0,509.8
2018-05-31,-304.7,1.0,509.8
2018-06-01,2385.0,1.0,509.8
2018-06-02,-490.5075,1.0,509.8
2018-06-03,-1016.37,1.0,509.8
2018-06-04,136.247,1.0,509.8
2018-06-05,642.845,1.0,509.8
2018-06-06,-726.3749999999999,1.0,509.8
2018-06-07,20.347250000000003,1.0,885.6
2018-06-08,-1199.7820000000002,1.0,885.6
2018-06-09,572.2845,1.0,885.6
2018-06-10,772.08375,1.0,885.6
2018-06-11,1960.625,1.0,885.6
2018-06-12,2909.125,1.0,885.6
2018-06-13,2613.5025,1.0,885.6
2018-06-14,1016.8824999999999,1.0,885.6
2018-06-15,5565.22,1.0,885.6
2018-06-16,7162.0,1.0,885.6
2018-06-17,4894.55,1.0,885.6
2018-06-18,10117.525,1.0,885.6
2018-06-19,177.72074999999998,1.0,885.6
2018-06-20,2452.8325,1.0,885.6
2018-06-21,3126.0525000000002,1.0,741.3
2018-06-22,1286.69,1.0,741.3
2018-06-23,63.8255,1.0,741.3
2018-06-24,44.75685,1.0,741.3
2018-06-25,1238.9225000000001,1.0,741.3
2018-06-26,937.92125,1.0,741.3
2018-06-27,2263.3125,1.0,741.3
2018-06-28,2137.2332499999998,1.0,485.8
2018-06-29,33.36325,1.0,485.8
2018-06-30,-176.232,1.0,485.8
2018-07-01,-522.4475,1.0,485.8
2018-07-02,-920.0125,1.0,485.8
2018-07-03,-550.33475,1.0,485.8
2018-07-04,-120.24275,1.0,485.8
2018-07-05,368.88,1.0,274.7
2018-07-06,1088.085,1.0,274.7
2018-07-07,2449.95,1.0,274.7
2018-07-08,4288.6825,1.0,274.7
2018-07-09,1431.625,1.0,274.7
2018-07-10,7386.0,1.0,207.3
2018-07-11,7122.675,1.0,207.3
2018-07-12,2092.365025,1.0,207.3
2018-07-13,194.74107000000004,1.0,207.3
2018-07-14,-274.58074999999997,1.0,207.3
2018-07-15,-271.981,1.0,207.3
2018-07-16,1510.3045,1.0,207.3
2018-07-17,6790.675,1.0,207.3
2018-07-18,1005.52,1.0,121.6
2018-07-19,5066.35,1.0,121.6
2018-07-20,2486.82775,1.0,35.575
2018-07-21,1578.24,1.0,35.575
2018-07-22,1906.764,1.0,35.575
2018-07-23,-131.39475000000002,1.0,68.2
2018-07-24,2527.325,1.0,68.2
2018-07-25,480.7875,1.0,68.2
2018-07-26,-163.39577500000001,1.0,68.2
2018-07-27,45.129999999999995,1.0,68.2
2018-07-28,-2249.3125,1.0,68.2
2018-07-29,-1843.1611975,1.0,68.2
2018-07-30,572.27875,1.0,68.2
2018-07-31,2086.0699999999997,1.0,68.2
2018-08-01,3743.125,1.0,68.2
2018-08-02,300.7325,1.0,68.2
2018-08-03,1599.75,1.0,63.1
2018-08-04,889.9725,1.0,63.1
2018-08-05,-128.20250000000001,0.0,63.1
2018-08-06,234.12499999999997,0.0,63.1
2018-08-07,329.5565,0.0,0.0
2018-08-08,1490.4675000000002,0.0,0.0
2018-08-09,3252.8500000000004,0.0,0.0
2018-08-10,4101.6,0.0,0.0
2018-08-11,131.5025,0.0,0.0
2018-08-12,144.79025,0.0,0.0
2018-08-13,2791.95,0.0,0.0
2018-08-14,3945.3075,0.0,0.0
2018-08-15,3138.6125,0.0,0.0
2018-08-16,8014.475,0.0,0.0
2018-08-17,7307.4,0.0,0.0
2018-08-18,1520.1275,0.0,0.0
2018-08-19,2281.6,0.0,0.0
2018-08-20,1080.65,0.0,0.0
2018-08-21,47.470622500000005,0.0,0.0
2018-08-22,884.5305,0.0,0.0
2018-08-23,4868.025,0.0,0.0
2018-08-24,4953.45,0.0,0.0
2018-08-25,4836.9,0.0,0.0
2018-08-26,676.535,0.0,0.0
2018-08-27,816.6825,0.0,0.0
2018-08-28,882.615,0.0,0.0
2018-08-29,3830.1375,0.0,0.0
2018-08-30,5626.675,0.0,0.0
2018-08-31,4594.085,0.0,0.0
2018-09-01,137.26125,0.0,0.0
2018-09-02,172.665,0.0,0.0
2018-09-03,1958.5175,0.0,0.0
2018-09-04,1393.9475,0.0,0.0
2018-09-05,5540.075,0.0,0.0
2018-09-06,4718.55,0.0,0.0
2018-09-07,1198.5225,0.0,0.0
2018-09-08,387.7495,0.0,0.0
2018-09-09,3084.2,0.0,0.0
2018-09-10,2294.25,0.0,0.0
2018-09-11,1372.565,0.0,0.0
2018-09-12,2772.1749999999997,0.0,0.0
2018-09-13,3585.225,0.0,0.0
2018-09-14,4560.65,0.0,0.0
2018-09-15,1674.425,0.0,0.0
2018-09-16,199.495,0.0,0.0
2018-09-17,-734.23625,0.0,0.0
2018-09-18,-253.30225000000002,0.0,0.0
2018-09-19,-155.44625,0.0,0.0
2018-09-20,-1638.72,0.0,0.0
2018-09-21,206.465125,0.0,0.0
2018-09-22,375.8995,0.0,0.0
2018-09-23,5550.275,0.0,0.0
2018-09-24,5693.21,0.0,0.0
2018-09-25,205.3935,0.0,0.0
2018-09-26,-277.13550000000004,0.0,0.0
2018-09-27,112.76299999999999,0.0,0.0
2018-09-28,509.76,0.0,0.0
2018-09-29,374.89875,0.0,0.0
2018-09-30,4469.625,0.0,0.0
2018-10-01,3816.875,0.0,0.0
2018-10-02,244.8545,0.0,55.0
2018-10-03,701.1625,0.0,55.0
2018-10-04,18.0807,0.0,55.0
2018-10-05,52.51974999999999,0.0,55.0
2018-10-06,1577.5825,0.0,55.0
2018-10-07,2833.715,0.0,55.0
2018-10-08,243.9049,0.0,55.0
2018-10-09,101.89274999999999,0.0,52.4
2018-10-10,-3583.305,0.0,52.4
2018-10-11,-8297.975,0.0,112.8
2018-10-12,-7306.6,0.0,112.8
2018-10-13,3206.9975,0.0,112.8
2018-10-14,-4734.8949999999995,0.0,112.8
2018-10-15,168.578,0.0,66.1
2018-10-16,333.38075000000003,0.0,66.1
2018-10-17,1384.513,0.0,66.1
2018-10-18,5868.4,0.0,66.1
2018-10-19,5270.65,0.0,70.9
2018-10-20,1472.4,0.0,70.9
2018-10-21,1642.4125,0.0,70.9
2018-10-22,2138.6724999999997,0.0,70.9
2018-10-23,-44.153097499999994,0.0,51.7
2018-10-24,-9.4945,0.0,51.7
2018-10-25,37.696200000000005,0.0,51.7
2018-10-26,4334.3,0.0,51.7
2018-10-27,2563.2,0.0,51.7
2018-10-28,2134.8375,0.0,51.7
2018-10-29,-854.345,0.0,51.7
2018-10-30,-350.6725,0.0,83.3
2018-10-31,-592.24685,0.0,83.3
2018-11-01,-401.022,0.0,83.3
2018-11-02,42.4474,0.0,111.7
2018-11-03,-2487.6642500000003,0.0,111.7
2018-11-04,333.87,0.0,111.7
2018-11-05,-4261.1025,0.0,76.0
2018-11-06,-4572.825,0.0,76.0
2018-11-07,-5335.475,0.0,76.0
2018-11-08,-5462.7225,0.0,76.0
2018-11-09,-5871.325,0.0,76.0
2018-11-10,-3848.72325,0.0,76.0
2018-11-11,-328.6115,0.0,76.0
2018-11-12,36.24442,0.0,76.0
2018-11-13,544.82025,0.0,78.3
2018-11-14,-305.70250000000004,0.0,78.3
2018-11-15,-132.07175,0.0,78.3
2018-11-16,-1793.1935,0.0,72.7
2018-11-17,-960.79125,0.0,72.7
2018-11-18,-38.0895,0.0,72.7
2018-11-19,572.2455,0.0,68.8
2018-11-20,-889.3512499999999,0.0,68.8
2018-11-21,-5260.299999999999,0.0,68.8
2018-11-22,-1536.0525,0.0,68.8
2018-11-23,-2716.95,0.0,68.8
2018-11-24,165.96900000000002,0.0,68.8
2018-11-25,407.1875,0.0,68.8
2018-11-26,-2601.9,0.0,68.8
2018-11-27,-9905.875,0.0,68.8
2018-11-28,-10063.655,0.0,68.8
2018-11-29,-532.4125,0.0,68.8
2018-11-30,-3399.2325,0.0,52.5
2018-12-01,-5423.275,0.0,52.5
2018-12-02,-4161.1,0.0,52.5
2018-12-03,-1639.9524999999999,0.0,64.2
2018-12-04,-3601.4500000000003,0.0,64.2
2018-12-05,-174.75725,0.0,64.2
2018-12-06,-1403.9325000000001,0.0,64.2
2018-12-07,-180.7425,0.0,49.4
2018-12-08,-623.355,0.0,49.4
2018-12-09,864.66275,0.0,49.4
2018-12-10,-539.96085,0.0,0.0
2018-12-11,-127.98750000000001,0.0,0.0
2018-12-12,-3054.83,0.0,0.0
2018-12-13,-403.7675,0.0,0.0
2018-12-14,-7137.775,0.0,0.0
2018-12-15,-825.4138575,0.0,0.0
2018-12-16,-1578.95,0.0,0.0
2018-12-17,-11541.275,0.0,0.0
2018-12-18,-7238.7225,0.0,0.0
2018-12-19,-1598.1,0.0,0.0
2018-12-20,-3163.575,0.0,0.0
2018-12-21,-3920.65,0.0,0.0
2018-12-22,-1356.67,0.0,0.0
2018-12-23,-1743.47,0.0,0.0
2018-12-24,-175.60899999999998,0.0,0.0
2018-12-25,-409.35,0.0,0.0
2018-12-26,-2053.0525,0.0,0.0
2018-12-27,76.437,0.0,0.0
2018-12-28,1148.5375,0.0,0.0
2018-12-29,30.132550000000002,0.0,0.0
2018-12-30,-95.05625,0.0,0.0
2018-12-31,-5.526704999999999,0.0,0.0
2019-01-01,553.5875,0.0,0.0
2019-01-02,201.71725,0.0,0.0
2019-01-03,-182.30175,0.0,0.0
2019-01-04,-90.398825,0.0,0.0
2019-01-05,55.3797625,0.0,0.0
2019-01-06,210.8075,0.0,0.0
2019-01-07,414.4075,0.0,0.0
2019-01-08,1234.0325,0.0,0.0
2019-01-09,2923.725,0.0,0.0
2019-01-10,153.8025,0.0,0.0
2019-01-11,594.86,0.0,0.0
2019-01-12,1161.92,0.0,0.0
2019-01-13,1253.8,0.0,0.0
2019-01-14,463.28049999999996,0.0,0.0
2019-01-15,-353.87425,0.0,0.0
2019-01-16,528.37075,0.0,0.0
2019-01-17,-478.58975,0.0,0.0
2019-01-18,-1287.1775,0.0,0.0
2019-01-19,2199.0299999999997,0.0,0.0
2019-01-20,799.5572,0.0,0.0
2019-01-21,496.3875,0.0,0.0
2019-01-22,2553.4750000000004,0.0,0.0
2019-01-23,2448.7,0.0,0.0
2019-01-24,1143.645,0.0,0.0
2019-01-25,1682.2175,0.0,0.0
2019-01-26,566.2574999999999,0.0,0.0
2019-01-27,647.4300000000001,0.0,0.0
2019-01-28,-169.95974999999999,0.0,0.0
2019-01-29,-1065.4099999999999,0.0,0.0
2019-01-30,-1780.5,0.0,0.0
2019-01-31,-2287.3657000000003,0.0,0.0
2019-02-01,2641.9025,0.0,0.0
2019-02-02,-85.46250000000003,0.0,0.0
2019-02-03,-2453.255,0.0,0.0
2019-02-04,-1383.0425,0.0,0.0
2019-02-05,-1071.9275,0.0,0.0
2019-02-06,-724.70925,0.0,0.0
2019-02-07,-2277.22725,0.0,0.0
2019-02-08,-3707.05,0.0,0.0
2019-02-09,-4301.212500000001,0.0,0.0
2019-02-10,73.05045,0.0,0.0
2019-02-11,552.3737500000001,0.0,0.0
2019-02-12,-339.79312500000003,0.0,0.0
2019-02-13,-873.355,0.0,0.0
2019-02-14,-1999.3125,0.0,0.0
2019-02-15,-188.861,0.0,0.0
2019-02-16,-1937.7725,0.0,0.0
2019-02-17,1223.295,0.0,0.0
2019-02-18,403.04625,0.0,0.0
2019-02-19,-1463.44025,0.0,0.0
2019-02-20,-2399.0125,0.0,0.0
2019-02-21,-2004.8899999999999,0.0,0.0
2019-02-22,-2344.39,0.0,0.0
2019-02-23,-87.05775,0.0,0.0
2019-02-24,-146.3007,0.0,0.0
2019-02-25,-219.523,0.0,0.0
2019-02-26,-2015.003325,0.0,0.0
2019-02-27,-923.0675,0.0,0.0
2019-02-28,-515.3249999999999,0.0,0.0
2019-03-01,-500.33675,0.0,0.0
2019-03-02,-1600.925,0.0,0.0
2019-03-03,-4663.316,0.0,0.0
