,fecha,abierto/cerrado,ao
0,2014-01-16,1,94.8
1,2014-01-17,1,94.8
2,2014-01-18,1,94.8
3,2014-01-19,1,94.8
4,2014-01-20,1,94.8
5,2014-01-21,1,94.8
6,2014-01-22,0,94.8
7,2014-01-23,0,94.8
8,2014-01-24,0,94.8
9,2014-01-25,0,94.8
10,2014-01-26,0,94.8
11,2014-01-27,0,94.8
12,2014-01-28,0,94.8
13,2014-01-29,0,94.8
14,2014-01-30,0,0.0
15,2014-01-31,0,0.0
16,2014-02-01,0,0.0
17,2014-02-02,0,0.0
18,2014-02-03,0,0.0
19,2014-02-04,0,0.0
20,2014-02-05,0,0.0
21,2014-02-06,0,0.0
22,2014-02-07,0,0.0
23,2014-02-08,0,0.0
24,2014-02-09,0,0.0
25,2014-02-10,0,0.0
26,2014-02-11,0,0.0
27,2014-02-12,0,0.0
28,2014-02-13,0,0.0
29,2014-02-14,0,0.0
30,2014-02-15,0,0.0
31,2014-02-16,0,0.0
32,2014-02-17,0,0.0
33,2014-02-18,0,0.0
34,2014-02-19,0,0.0
35,2014-02-20,0,0.0
36,2014-02-21,0,0.0
37,2014-02-22,0,0.0
38,2014-02-23,0,0.0
39,2014-02-24,0,0.0
40,2014-02-25,0,0.0
41,2014-02-26,0,0.0
42,2014-02-27,0,0.0
43,2014-02-28,0,0.0
44,2014-03-01,0,0.0
45,2014-03-02,0,0.0
46,2014-03-03,0,0.0
47,2014-03-04,0,0.0
48,2014-03-05,0,0.0
49,2014-03-06,0,0.0
50,2014-03-07,0,0.0
51,2014-03-08,0,0.0
52,2014-03-09,0,0.0
53,2014-03-10,0,0.0
54,2014-03-11,0,0.0
55,2014-03-12,0,0.0
56,2014-03-13,0,0.0
57,2014-03-14,0,0.0
58,2014-03-15,0,0.0
59,2014-03-16,0,0.0
60,2014-03-17,0,0.0
61,2014-03-18,0,0.0
62,2014-03-19,0,0.0
63,2014-03-20,0,0.0
64,2014-03-21,0,0.0
65,2014-03-22,0,0.0
66,2014-03-23,0,0.0
67,2014-03-24,0,0.0
68,2014-03-25,0,0.0
69,2014-03-26,0,0.0
70,2014-03-27,0,0.0
71,2014-03-28,0,0.0
72,2014-03-29,0,0.0
73,2014-03-30,0,0.0
74,2014-03-31,0,0.0
75,2014-04-01,0,82.5
76,2014-04-02,0,82.5
77,2014-04-03,0,100.1
78,2014-04-04,0,100.1
79,2014-04-05,1,100.1
80,2014-04-06,1,100.1
81,2014-04-07,1,200.1
82,2014-04-08,1,200.1
83,2014-04-09,1,200.1
84,2014-04-10,1,200.1
85,2014-04-11,1,200.1
86,2014-04-12,1,200.1
87,2014-04-13,1,200.1
88,2014-04-14,1,200.1
89,2014-04-15,1,200.1
90,2014-04-16,1,200.1
91,2014-04-17,1,200.1
92,2014-04-18,1,200.1
93,2014-04-19,1,200.1
94,2014-04-20,1,200.1
95,2014-04-21,1,200.1
96,2014-04-22,1,200.1
97,2014-04-23,1,200.1
98,2014-04-24,1,207.3
99,2014-04-25,1,207.3
100,2014-04-26,1,207.3
101,2014-04-27,1,207.3
102,2014-04-28,1,207.3
103,2014-04-29,1,190.1
104,2014-04-30,1,190.1
105,2014-05-01,1,190.1
106,2014-05-02,1,190.1
107,2014-05-03,1,190.1
108,2014-05-04,1,190.1
109,2014-05-05,1,190.1
110,2014-05-06,1,1062.9
111,2014-05-07,1,1062.9
112,2014-05-08,1,1062.9
113,2014-05-09,1,1062.9
114,2014-05-10,1,1062.9
115,2014-05-11,1,1062.9
116,2014-05-12,1,1062.9
117,2014-05-13,1,1062.9
118,2014-05-14,1,1062.9
119,2014-05-15,1,1062.9
120,2014-05-16,1,1062.9
121,2014-05-17,1,1062.9
122,2014-05-18,1,1062.9
123,2014-05-19,1,1062.9
124,2014-05-20,1,1062.9
125,2014-05-21,1,1062.9
126,2014-05-22,1,1062.9
127,2014-05-23,1,1062.9
128,2014-05-24,1,1062.9
129,2014-05-25,1,1062.9
130,2014-05-26,1,1062.9
131,2014-05-27,1,1062.9
132,2014-05-28,1,1062.9
133,2014-05-29,1,1062.9
134,2014-05-30,1,1062.9
135,2014-05-31,1,1062.9
136,2014-06-01,1,1062.9
137,2014-06-02,1,1062.9
138,2014-06-03,1,1062.9
139,2014-06-04,1,1062.9
140,2014-06-05,1,1062.9
141,2014-06-06,1,1062.9
142,2014-06-07,1,1062.9
143,2014-06-08,1,1062.9
144,2014-06-09,1,1062.9
145,2014-06-10,1,1062.9
146,2014-06-11,1,1062.9
147,2014-06-12,1,1062.9
148,2014-06-13,1,1062.9
149,2014-06-14,1,1062.9
150,2014-06-15,1,1062.9
151,2014-06-16,1,1062.9
152,2014-06-17,1,1062.9
153,2014-06-18,1,1062.9
154,2014-06-19,1,1062.9
155,2014-06-20,1,1062.9
156,2014-06-21,1,1062.9
157,2014-06-22,1,1062.9
158,2014-06-23,1,1062.9
159,2014-06-24,1,1062.9
160,2014-06-25,1,1062.9
161,2014-06-26,1,1062.9
162,2014-06-27,1,592.9
163,2014-06-28,1,592.9
164,2014-06-29,1,592.9
165,2014-06-30,1,592.9
166,2014-07-01,1,592.9
167,2014-07-02,1,592.9
168,2014-07-03,1,592.9
169,2014-07-04,1,592.9
170,2014-07-05,1,592.9
171,2014-07-06,1,592.9
172,2014-07-07,1,592.9
173,2014-07-08,1,592.9
174,2014-07-09,1,186.8
175,2014-07-10,1,186.8
176,2014-07-11,1,145.0
177,2014-07-12,1,145.0
178,2014-07-13,1,145.0
179,2014-07-14,1,112.53333333333336
180,2014-07-15,1,112.53333333333336
181,2014-07-16,0,112.53333333333336
182,2014-07-17,0,128.4
183,2014-07-18,0,128.4
184,2014-07-19,0,128.4
185,2014-07-20,0,128.4
186,2014-07-21,0,128.4
187,2014-07-22,0,128.4
188,2014-07-23,0,128.4
189,2014-07-24,0,128.4
190,2014-07-25,0,128.4
191,2014-07-26,0,128.4
192,2014-07-27,0,128.4
193,2014-07-28,0,128.4
194,2014-07-29,0,128.4
195,2014-07-30,0,128.4
196,2014-07-31,0,128.4
197,2014-08-01,0,128.4
198,2014-08-02,0,128.4
199,2014-08-03,0,128.4
200,2014-08-04,1,128.4
201,2014-08-05,1,128.4
202,2014-08-06,1,128.4
203,2014-08-07,1,128.4
204,2014-08-08,1,128.4
205,2014-08-09,1,128.4
206,2014-08-10,1,128.4
207,2014-08-11,1,128.4
208,2014-08-12,1,128.4
209,2014-08-13,1,128.4
210,2014-08-14,1,128.4
211,2014-08-15,1,128.4
212,2014-08-16,1,128.4
213,2014-08-17,1,128.4
214,2014-08-18,1,128.4
215,2014-08-19,1,128.4
216,2014-08-20,1,128.4
217,2014-08-21,1,128.4
218,2014-08-22,1,3390.7
219,2014-08-23,1,3390.7
220,2014-08-24,1,3390.7
221,2014-08-25,1,3390.7
222,2014-08-26,1,3390.7
223,2014-08-27,1,3390.7
224,2014-08-28,1,3390.7
225,2014-08-29,1,3390.7
226,2014-08-30,1,3390.7
227,2014-08-31,1,3390.7
228,2014-09-01,1,3390.7
229,2014-09-02,1,3390.7
230,2014-09-03,1,3390.7
231,2014-09-04,1,2791.0
232,2014-09-05,1,2791.0
233,2014-09-06,1,2791.0
234,2014-09-07,1,2791.0
235,2014-09-08,1,2791.0
236,2014-09-09,1,2791.0
237,2014-09-10,1,2791.0
238,2014-09-11,1,2791.0
239,2014-09-12,1,2791.0
240,2014-09-13,1,2791.0
241,2014-09-14,1,2791.0
242,2014-09-15,1,2791.0
243,2014-09-16,1,2791.0
244,2014-09-17,1,2791.0
245,2014-09-18,1,2791.0
246,2014-09-19,1,2791.0
247,2014-09-20,1,2791.0
248,2014-09-21,1,2791.0
249,2014-09-22,1,2791.0
250,2014-09-23,1,2791.0
251,2014-09-24,1,2791.0
252,2014-09-25,1,2791.0
253,2014-09-26,1,2791.0
254,2014-09-27,1,2791.0
255,2014-09-28,1,2791.0
256,2014-09-29,1,2791.0
257,2014-09-30,1,2791.0
258,2014-10-01,1,2791.0
259,2014-10-02,1,2791.0
260,2014-10-03,1,2791.0
261,2014-10-04,1,2791.0
262,2014-10-05,1,2791.0
263,2014-10-06,1,2791.0
264,2014-10-07,1,2791.0
265,2014-10-08,1,2791.0
266,2014-10-09,1,2791.0
267,2014-10-10,1,488.1
268,2014-10-11,1,488.1
269,2014-10-12,1,488.1
270,2014-10-13,1,488.1
271,2014-10-14,1,488.1
272,2014-10-15,1,488.1
273,2014-10-16,1,230.2
274,2014-10-17,1,230.2
275,2014-10-18,1,230.2
276,2014-10-19,1,230.2
277,2014-10-20,1,230.2
278,2014-10-21,1,230.2
279,2014-10-22,1,230.2
280,2014-10-23,1,226.9
281,2014-10-24,1,226.9
282,2014-10-25,1,226.9
283,2014-10-26,1,226.9
284,2014-10-27,1,226.9
285,2014-10-28,1,124.2
286,2014-10-29,1,154.33333333333334
287,2014-10-30,1,154.33333333333334
288,2014-10-31,1,83.3
289,2014-11-01,1,83.3
290,2014-11-02,1,83.3
291,2014-11-03,1,96.66666666666669
292,2014-11-04,1,96.66666666666669
293,2014-11-05,0,83.4
294,2014-11-06,0,100.4
295,2014-11-07,0,55.2
296,2014-11-08,0,55.2
297,2014-11-09,0,55.2
298,2014-11-10,0,62.6
299,2014-11-11,0,62.6
300,2014-11-12,0,62.6
301,2014-11-13,0,62.6
302,2014-11-14,0,62.6
303,2014-11-15,0,62.6
304,2014-11-16,0,62.6
305,2014-11-17,0,61.5
306,2014-11-18,0,61.5
307,2014-11-19,0,82.1
308,2014-11-20,0,82.1
309,2014-11-21,0,82.1
310,2014-11-22,0,82.1
311,2014-11-23,0,82.1
312,2014-11-24,0,0.0
313,2014-11-25,0,0.0
314,2014-11-26,0,0.0
315,2014-11-27,0,0.0
316,2014-11-28,0,0.0
317,2014-11-29,0,0.0
318,2014-11-30,0,0.0
319,2014-12-01,0,56.1
320,2014-12-02,0,56.1
321,2014-12-03,0,56.1
322,2014-12-04,0,56.1
323,2014-12-05,0,56.1
324,2014-12-06,0,56.1
325,2014-12-07,0,56.1
326,2014-12-08,0,56.1
327,2014-12-09,0,56.1
328,2014-12-10,0,56.1
329,2014-12-11,0,56.1
330,2014-12-12,0,56.1
331,2014-12-13,0,56.1
332,2014-12-14,0,56.1
333,2014-12-15,0,56.1
334,2014-12-16,0,56.1
335,2014-12-17,0,56.1
336,2014-12-18,0,0.0
337,2014-12-19,0,0.0
338,2014-12-20,0,0.0
339,2014-12-21,0,0.0
340,2014-12-22,0,0.0
341,2014-12-23,0,0.0
342,2014-12-24,0,0.0
343,2014-12-25,0,0.0
344,2014-12-26,0,0.0
345,2014-12-27,0,0.0
346,2014-12-28,0,0.0
347,2014-12-29,0,0.0
348,2014-12-30,0,0.0
349,2014-12-31,0,0.0
350,2015-01-01,0,0.0
351,2015-01-02,0,0.0
352,2015-01-03,0,0.0
353,2015-01-04,0,0.0
354,2015-01-05,0,0.0
355,2015-01-06,0,0.0
356,2015-01-07,0,0.0
357,2015-01-08,0,0.0
358,2015-01-09,0,0.0
359,2015-01-10,0,0.0
360,2015-01-11,0,0.0
361,2015-01-12,0,0.0
362,2015-01-13,0,0.0
363,2015-01-14,0,0.0
364,2015-01-15,0,0.0
365,2015-01-16,0,0.0
366,2015-01-17,0,0.0
367,2015-01-18,0,0.0
368,2015-01-19,0,0.0
369,2015-01-20,0,0.0
370,2015-01-21,0,0.0
371,2015-01-22,0,0.0
372,2015-01-23,0,0.0
373,2015-01-24,0,0.0
374,2015-01-25,0,0.0
375,2015-01-26,0,0.0
376,2015-01-27,0,0.0
377,2015-01-28,0,0.0
378,2015-01-29,0,0.0
379,2015-01-30,0,0.0
380,2015-01-31,0,0.0
381,2015-02-01,0,0.0
382,2015-02-02,0,0.0
383,2015-02-03,0,0.0
384,2015-02-04,0,0.0
385,2015-02-05,0,0.0
386,2015-02-06,0,0.0
387,2015-02-07,0,0.0
388,2015-02-08,0,0.0
389,2015-02-09,0,0.0
390,2015-02-10,0,0.0
391,2015-02-11,0,0.0
392,2015-02-12,0,0.0
393,2015-02-13,0,0.0
394,2015-02-14,0,0.0
395,2015-02-15,0,0.0
396,2015-02-16,0,0.0
397,2015-02-17,0,0.0
398,2015-02-18,0,0.0
399,2015-02-19,0,0.0
400,2015-02-20,0,0.0
401,2015-02-21,0,0.0
402,2015-02-22,0,0.0
403,2015-02-23,0,0.0
404,2015-02-24,0,0.0
405,2015-02-25,0,0.0
406,2015-02-26,0,0.0
407,2015-02-27,0,0.0
408,2015-02-28,0,0.0
409,2015-03-01,0,0.0
410,2015-03-02,0,0.0
411,2015-03-03,0,0.0
412,2015-03-04,0,0.0
413,2015-03-05,0,0.0
414,2015-03-06,0,0.0
415,2015-03-07,0,0.0
416,2015-03-08,0,0.0
417,2015-03-09,0,0.0
418,2015-03-10,0,0.0
419,2015-03-11,0,0.0
420,2015-03-12,0,0.0
421,2015-03-13,0,0.0
422,2015-03-14,0,0.0
423,2015-03-15,0,0.0
424,2015-03-16,0,0.0
425,2015-03-17,0,0.0
426,2015-03-18,0,0.0
427,2015-03-19,0,0.0
428,2015-03-20,0,0.0
429,2015-03-21,0,0.0
430,2015-03-22,0,0.0
431,2015-03-23,0,0.0
432,2015-03-24,0,0.0
433,2015-03-25,0,0.0
434,2015-03-26,0,0.0
435,2015-03-27,0,0.0
436,2015-03-28,0,0.0
437,2015-03-29,0,0.0
438,2015-03-30,0,75.1
439,2015-03-31,0,75.1
440,2015-04-01,0,72.3
441,2015-04-02,0,72.3
442,2015-04-03,0,72.3
443,2015-04-04,0,72.3
444,2015-04-05,0,72.3
445,2015-04-06,1,160.0
446,2015-04-07,1,160.0
447,2015-04-08,1,160.0
448,2015-04-09,1,160.0
449,2015-04-10,1,160.0
450,2015-04-11,1,160.0
451,2015-04-12,1,160.0
452,2015-04-13,1,160.0
453,2015-04-14,1,160.0
454,2015-04-15,1,304.4
455,2015-04-16,1,304.4
456,2015-04-17,1,304.4
457,2015-04-18,1,304.4
458,2015-04-19,1,304.4
459,2015-04-20,1,304.4
460,2015-04-21,1,304.4
461,2015-04-22,1,304.4
462,2015-04-23,1,304.4
463,2015-04-24,1,304.4
464,2015-04-25,1,304.4
465,2015-04-26,1,304.4
466,2015-04-27,1,304.4
467,2015-04-28,1,304.4
468,2015-04-29,1,304.4
469,2015-04-30,1,304.4
470,2015-05-01,1,304.4
471,2015-05-02,1,304.4
472,2015-05-03,1,304.4
473,2015-05-04,1,304.4
474,2015-05-05,1,304.4
475,2015-05-06,1,304.4
476,2015-05-07,1,304.4
477,2015-05-08,1,304.4
478,2015-05-09,1,304.4
479,2015-05-10,1,304.4
480,2015-05-11,1,304.4
481,2015-05-12,1,304.4
482,2015-05-13,1,304.4
483,2015-05-14,1,304.4
484,2015-05-15,1,304.4
485,2015-05-16,1,304.4
486,2015-05-17,1,304.4
487,2015-05-18,1,304.4
488,2015-05-19,1,304.4
489,2015-05-20,1,304.4
490,2015-05-21,1,346.3
491,2015-05-22,1,346.3
492,2015-05-23,1,346.3
493,2015-05-24,1,346.3
494,2015-05-25,1,346.3
495,2015-05-26,1,346.3
496,2015-05-27,1,263.6
497,2015-05-28,1,263.6
498,2015-05-29,1,263.6
499,2015-05-30,1,263.6
500,2015-05-31,1,263.6
501,2015-06-01,1,263.6
502,2015-06-02,1,263.6
503,2015-06-03,1,134.6
504,2015-06-04,1,134.6
505,2015-06-05,1,176.0
506,2015-06-06,1,176.0
507,2015-06-07,1,176.0
508,2015-06-08,1,176.0
509,2015-06-09,1,176.0
510,2015-06-10,1,176.0
511,2015-06-11,1,265.2
512,2015-06-12,1,265.2
513,2015-06-13,1,265.2
514,2015-06-14,1,265.2
515,2015-06-15,1,265.2
516,2015-06-16,1,265.2
517,2015-06-17,1,265.2
518,2015-06-18,1,827.7
519,2015-06-19,1,827.7
520,2015-06-20,1,827.7
521,2015-06-21,1,827.7
522,2015-06-22,1,827.7
523,2015-06-23,1,827.7
524,2015-06-24,1,827.7
525,2015-06-25,1,827.7
526,2015-06-26,1,827.7
527,2015-06-27,1,827.7
528,2015-06-28,1,827.7
529,2015-06-29,1,827.7
530,2015-06-30,1,827.7
531,2015-07-01,1,827.7
532,2015-07-02,1,827.7
533,2015-07-03,1,827.7
534,2015-07-04,1,827.7
535,2015-07-05,1,827.7
536,2015-07-06,1,827.7
537,2015-07-07,1,827.7
538,2015-07-08,1,3460.7
539,2015-07-09,1,3460.7
540,2015-07-10,1,3460.7
541,2015-07-11,1,3460.7
542,2015-07-12,1,3460.7
543,2015-07-13,1,3460.7
544,2015-07-14,1,3460.7
545,2015-07-15,1,3460.7
546,2015-07-16,1,792.8
547,2015-07-17,1,792.8
548,2015-07-18,1,792.8
549,2015-07-19,1,792.8
550,2015-07-20,1,792.8
551,2015-07-21,1,792.8
552,2015-07-22,1,792.8
553,2015-07-23,1,844.7
554,2015-07-24,1,844.7
555,2015-07-25,1,844.7
556,2015-07-26,1,844.7
557,2015-07-27,1,844.7
558,2015-07-28,1,844.7
559,2015-07-29,1,844.7
560,2015-07-30,1,490.4
561,2015-07-31,1,490.4
562,2015-08-01,1,490.4
563,2015-08-02,1,490.4
564,2015-08-03,1,490.4
565,2015-08-04,1,490.4
566,2015-08-05,1,366.8
567,2015-08-06,1,366.8
568,2015-08-07,1,366.8
569,2015-08-08,1,366.8
570,2015-08-09,1,366.8
571,2015-08-10,1,366.8
572,2015-08-11,1,366.8
573,2015-08-12,1,366.8
574,2015-08-13,1,366.8
575,2015-08-14,1,97.2
576,2015-08-15,1,97.2
577,2015-08-16,1,97.2
578,2015-08-17,1,206.36666666666667
579,2015-08-18,1,206.36666666666667
580,2015-08-19,1,206.36666666666667
581,2015-08-20,1,206.36666666666667
582,2015-08-21,1,206.36666666666667
583,2015-08-22,1,206.36666666666667
584,2015-08-23,1,206.36666666666667
585,2015-08-24,1,206.36666666666667
586,2015-08-25,1,206.36666666666667
587,2015-08-26,1,206.36666666666667
588,2015-08-27,1,268.2
589,2015-08-28,1,268.2
590,2015-08-29,1,268.2
591,2015-08-30,1,268.2
592,2015-08-31,1,268.2
593,2015-09-01,1,268.2
594,2015-09-02,1,268.2
595,2015-09-03,1,268.2
596,2015-09-04,1,268.2
597,2015-09-05,1,268.2
598,2015-09-06,1,268.2
599,2015-09-07,1,268.2
600,2015-09-08,1,268.2
601,2015-09-09,1,105.7
602,2015-09-10,1,105.7
603,2015-09-11,1,103.63333333333333
604,2015-09-12,0,103.63333333333333
605,2015-09-13,0,103.63333333333333
606,2015-09-14,0,127.5
607,2015-09-15,0,127.5
608,2015-09-16,0,127.5
609,2015-09-17,0,71.8
610,2015-09-18,0,71.8
611,2015-09-19,0,71.8
612,2015-09-20,0,71.8
613,2015-09-21,1,203.5
614,2015-09-22,1,203.5
615,2015-09-23,1,203.5
616,2015-09-24,1,203.5
617,2015-09-25,1,203.5
618,2015-09-26,1,203.5
619,2015-09-27,1,203.5
620,2015-09-28,1,203.5
621,2015-09-29,1,203.5
622,2015-09-30,1,203.5
623,2015-10-01,1,404.8
624,2015-10-02,1,404.8
625,2015-10-03,1,404.8
626,2015-10-04,1,404.8
627,2015-10-05,1,404.8
628,2015-10-06,1,404.8
629,2015-10-07,1,533.0
630,2015-10-08,1,533.0
631,2015-10-09,1,533.0
632,2015-10-10,1,533.0
633,2015-10-11,1,533.0
634,2015-10-12,1,533.0
635,2015-10-13,1,533.0
636,2015-10-14,1,533.0
637,2015-10-15,1,533.0
638,2015-10-16,1,533.0
639,2015-10-17,1,533.0
640,2015-10-18,1,533.0
641,2015-10-19,1,533.0
642,2015-10-20,1,533.0
643,2015-10-21,1,533.0
644,2015-10-22,1,533.0
645,2015-10-23,1,533.0
646,2015-10-24,1,533.0
647,2015-10-25,1,533.0
648,2015-10-26,1,533.0
649,2015-10-27,1,309.4
650,2015-10-28,1,309.4
651,2015-10-29,1,309.4
652,2015-10-30,1,309.4
653,2015-10-31,1,309.4
654,2015-11-01,1,309.4
655,2015-11-02,1,309.4
656,2015-11-03,1,309.4
657,2015-11-04,1,309.4
658,2015-11-05,1,309.4
659,2015-11-06,1,175.2
660,2015-11-07,1,175.2
661,2015-11-08,1,175.2
662,2015-11-09,1,259.4
663,2015-11-10,1,259.4
664,2015-11-11,1,259.4
665,2015-11-12,1,259.4
666,2015-11-13,1,259.4
667,2015-11-14,1,259.4
668,2015-11-15,1,259.4
669,2015-11-16,1,259.4
670,2015-11-17,1,259.4
671,2015-11-18,1,259.4
672,2015-11-19,1,438.0
673,2015-11-20,1,438.0
674,2015-11-21,1,438.0
675,2015-11-22,1,438.0
676,2015-11-23,1,438.0
677,2015-11-24,1,267.9
678,2015-11-25,1,267.9
679,2015-11-26,1,267.9
680,2015-11-27,1,267.9
681,2015-11-28,1,267.9
682,2015-11-29,1,267.9
683,2015-11-30,1,267.9
684,2015-12-01,1,311.5
685,2015-12-02,1,311.5
686,2015-12-03,1,311.5
687,2015-12-04,1,311.5
688,2015-12-05,1,311.5
689,2015-12-06,1,311.5
690,2015-12-07,1,311.5
691,2015-12-08,1,311.5
692,2015-12-09,1,148.5
693,2015-12-10,1,148.5
694,2015-12-11,1,74.13333333333333
695,2015-12-12,1,74.13333333333333
696,2015-12-13,0,74.13333333333333
697,2015-12-14,0,107.6
698,2015-12-15,0,107.6
699,2015-12-16,0,107.6
700,2015-12-17,0,107.6
701,2015-12-18,0,107.6
702,2015-12-19,0,107.6
703,2015-12-20,0,107.6
704,2015-12-21,0,56.1
705,2015-12-22,0,56.1
706,2015-12-23,0,56.1
707,2015-12-24,0,56.1
708,2015-12-25,0,56.1
709,2015-12-26,0,56.1
710,2015-12-27,0,56.1
711,2015-12-28,0,65.8
712,2015-12-29,0,65.8
713,2015-12-30,0,65.8
714,2015-12-31,0,65.8
715,2016-01-01,0,65.8
716,2016-01-02,0,65.8
717,2016-01-03,0,65.8
718,2016-01-04,0,65.8
719,2016-01-05,0,65.8
720,2016-01-06,0,65.8
721,2016-01-07,0,65.8
722,2016-01-08,0,65.8
723,2016-01-09,0,65.8
724,2016-01-10,0,65.8
725,2016-01-11,0,65.8
726,2016-01-12,0,0.0
727,2016-01-13,0,0.0
728,2016-01-14,0,0.0
729,2016-01-15,0,0.0
730,2016-01-16,0,0.0
731,2016-01-17,0,0.0
732,2016-01-18,0,0.0
733,2016-01-19,0,0.0
734,2016-01-20,0,0.0
735,2016-01-21,0,0.0
736,2016-01-22,0,0.0
737,2016-01-23,0,0.0
738,2016-01-24,0,0.0
739,2016-01-25,0,0.0
740,2016-01-26,0,0.0
741,2016-01-27,0,0.0
742,2016-01-28,0,0.0
743,2016-01-29,0,0.0
744,2016-01-30,0,0.0
745,2016-01-31,0,0.0
746,2016-02-01,0,53.1
747,2016-02-02,0,53.1
748,2016-02-03,0,53.1
749,2016-02-04,0,53.1
750,2016-02-05,0,53.1
751,2016-02-06,0,53.1
752,2016-02-07,0,53.1
753,2016-02-08,0,53.1
754,2016-02-09,0,53.1
755,2016-02-10,0,53.1
756,2016-02-11,0,53.1
757,2016-02-12,0,0.0
758,2016-02-13,0,0.0
759,2016-02-14,0,0.0
760,2016-02-15,0,0.0
761,2016-02-16,0,52.6
762,2016-02-17,0,52.6
763,2016-02-18,0,52.6
764,2016-02-19,0,0.0
765,2016-02-20,0,0.0
766,2016-02-21,0,0.0
767,2016-02-22,0,41.9
768,2016-02-23,0,41.9
769,2016-02-24,0,41.9
770,2016-02-25,0,41.9
771,2016-02-26,0,41.9
772,2016-02-27,0,41.9
773,2016-02-28,0,41.9
774,2016-02-29,0,0.0
775,2016-03-01,0,0.0
776,2016-03-02,0,0.0
777,2016-03-03,0,0.0
778,2016-03-04,0,0.0
779,2016-03-05,0,0.0
780,2016-03-06,0,0.0
781,2016-03-07,0,0.0
782,2016-03-08,0,0.0
783,2016-03-09,0,0.0
784,2016-03-10,0,0.0
785,2016-03-11,0,0.0
786,2016-03-12,0,0.0
787,2016-03-13,0,0.0
788,2016-03-14,0,0.0
789,2016-03-15,0,0.0
790,2016-03-16,0,0.0
791,2016-03-17,0,0.0
792,2016-03-18,0,0.0
793,2016-03-19,0,0.0
794,2016-03-20,0,0.0
795,2016-03-21,0,47.0
796,2016-03-22,0,47.0
797,2016-03-23,0,0.0
798,2016-03-24,0,0.0
799,2016-03-25,0,0.0
800,2016-03-26,1,0.0
801,2016-03-27,1,0.0
802,2016-03-28,1,0.0
803,2016-03-29,1,0.0
804,2016-03-30,1,215.3
805,2016-03-31,1,215.3
806,2016-04-01,1,215.3
807,2016-04-02,1,215.3
808,2016-04-03,1,215.3
809,2016-04-04,1,215.3
810,2016-04-05,1,215.3
811,2016-04-06,1,215.3
812,2016-04-07,1,1271.8
813,2016-04-08,1,1271.8
814,2016-04-09,1,1271.8
815,2016-04-10,1,1271.8
816,2016-04-11,1,1271.8
817,2016-04-12,1,1271.8
818,2016-04-13,1,1271.8
819,2016-04-14,1,1271.8
820,2016-04-15,1,1271.8
821,2016-04-16,1,1271.8
822,2016-04-17,1,1271.8
823,2016-04-18,1,1271.8
824,2016-04-19,1,1271.8
825,2016-04-20,1,568.8
826,2016-04-21,1,568.8
827,2016-04-22,1,568.8
828,2016-04-23,1,568.8
829,2016-04-24,1,568.8
830,2016-04-25,1,568.8
831,2016-04-26,1,568.8
832,2016-04-27,1,820.6
833,2016-04-28,1,820.6
834,2016-04-29,1,820.6
835,2016-04-30,1,820.6
836,2016-05-01,1,820.6
837,2016-05-02,1,820.6
838,2016-05-03,1,820.6
839,2016-05-04,1,875.9
840,2016-05-05,1,875.9
841,2016-05-06,1,875.9
842,2016-05-07,1,875.9
843,2016-05-08,1,875.9
844,2016-05-09,1,875.9
845,2016-05-10,1,875.9
846,2016-05-11,1,810.1
847,2016-05-12,1,810.1
848,2016-05-13,1,810.1
849,2016-05-14,1,810.1
850,2016-05-15,1,810.1
851,2016-05-16,1,810.1
852,2016-05-17,1,810.1
853,2016-05-18,1,810.1
854,2016-05-19,1,810.1
855,2016-05-20,1,810.1
856,2016-05-21,1,810.1
857,2016-05-22,1,810.1
858,2016-05-23,1,810.1
859,2016-05-24,1,810.1
860,2016-05-25,1,810.1
861,2016-05-26,1,810.1
862,2016-05-27,1,810.1
863,2016-05-28,1,810.1
864,2016-05-29,1,810.1
865,2016-05-30,1,810.1
866,2016-05-31,1,810.1
867,2016-06-01,1,810.1
868,2016-06-02,1,810.1
869,2016-06-03,1,810.1
870,2016-06-04,1,810.1
871,2016-06-05,1,810.1
872,2016-06-06,1,810.1
873,2016-06-07,1,810.1
874,2016-06-08,1,810.1
875,2016-06-09,1,723.4
876,2016-06-10,1,723.4
877,2016-06-11,1,723.4
878,2016-06-12,1,723.4
879,2016-06-13,1,723.4
880,2016-06-14,1,723.4
881,2016-06-15,1,723.4
882,2016-06-16,1,723.4
883,2016-06-17,1,723.4
884,2016-06-18,1,723.4
885,2016-06-19,1,723.4
886,2016-06-20,1,723.4
887,2016-06-21,1,723.4
888,2016-06-22,1,655.6
889,2016-06-23,1,655.6
890,2016-06-24,1,655.6
891,2016-06-25,1,655.6
892,2016-06-26,1,655.6
893,2016-06-27,1,655.6
894,2016-06-28,1,655.6
895,2016-06-29,1,655.6
896,2016-06-30,1,410.5
897,2016-07-01,1,410.5
898,2016-07-02,1,410.5
899,2016-07-03,1,410.5
900,2016-07-04,1,410.5
901,2016-07-05,1,410.5
902,2016-07-06,1,410.5
903,2016-07-07,1,107.6
904,2016-07-08,1,107.6
905,2016-07-09,1,107.6
906,2016-07-10,1,107.6
907,2016-07-11,1,179.9333333333333
908,2016-07-12,1,179.9333333333333
909,2016-07-13,1,196.4
910,2016-07-14,1,196.4
911,2016-07-15,1,196.4
912,2016-07-16,1,196.4
913,2016-07-17,1,196.4
914,2016-07-18,1,196.4
915,2016-07-19,1,196.4
916,2016-07-20,1,227.3
917,2016-07-21,1,227.3
918,2016-07-22,1,227.3
919,2016-07-23,1,227.3
920,2016-07-24,1,227.3
921,2016-07-25,1,227.3
922,2016-07-26,1,322.7
923,2016-07-27,1,322.7
924,2016-07-28,1,322.7
925,2016-07-29,1,75.6
926,2016-07-30,1,75.6
927,2016-07-31,1,75.6
928,2016-08-01,1,134.23333333333332
929,2016-08-02,1,134.23333333333332
930,2016-08-03,1,72.6
931,2016-08-04,1,72.6
932,2016-08-05,1,86.8
933,2016-08-06,1,86.8
934,2016-08-07,1,86.8
935,2016-08-08,1,116.1
936,2016-08-09,1,116.1
937,2016-08-10,1,156.23333333333332
938,2016-08-11,1,156.23333333333332
939,2016-08-12,1,156.23333333333332
940,2016-08-13,1,156.23333333333332
941,2016-08-14,1,156.23333333333332
942,2016-08-15,1,156.23333333333332
943,2016-08-16,1,156.23333333333332
944,2016-08-17,1,136.1
945,2016-08-18,1,136.1
946,2016-08-19,1,934.2666666666668
947,2016-08-20,1,934.2666666666668
948,2016-08-21,1,934.2666666666668
949,2016-08-22,1,934.2666666666668
950,2016-08-23,1,934.2666666666668
951,2016-08-24,1,934.2666666666668
952,2016-08-25,1,934.2666666666668
953,2016-08-26,1,934.2666666666668
954,2016-08-27,1,934.2666666666668
955,2016-08-28,1,934.2666666666668
956,2016-08-29,1,934.2666666666668
957,2016-08-30,1,934.2666666666668
958,2016-08-31,1,2822.6
959,2016-09-01,1,2822.6
960,2016-09-02,1,2822.6
961,2016-09-03,1,2822.6
962,2016-09-04,1,2822.6
963,2016-09-05,1,2822.6
964,2016-09-06,1,2822.6
965,2016-09-07,1,2822.6
966,2016-09-08,1,1047.6
967,2016-09-09,1,1047.6
968,2016-09-10,1,1047.6
969,2016-09-11,1,1047.6
970,2016-09-12,1,1047.6
971,2016-09-13,1,1047.9
972,2016-09-14,1,1047.9
973,2016-09-15,1,1047.9
974,2016-09-16,1,1047.9
975,2016-09-17,1,1047.9
976,2016-09-18,1,1047.9
977,2016-09-19,1,1047.9
978,2016-09-20,1,1047.9
979,2016-09-21,1,1019.6
980,2016-09-22,1,1019.6
981,2016-09-23,1,1019.6
982,2016-09-24,1,1019.6
983,2016-09-25,1,1019.6
984,2016-09-26,1,1019.6
985,2016-09-27,1,1019.6
986,2016-09-28,1,1019.6
987,2016-09-29,1,299.5
988,2016-09-30,1,299.5
989,2016-10-01,1,299.5
990,2016-10-02,1,299.5
991,2016-10-03,1,299.5
992,2016-10-04,1,299.5
993,2016-10-05,1,299.5
994,2016-10-06,1,60.6
995,2016-10-07,1,60.6
996,2016-10-08,1,60.6
997,2016-10-09,1,60.6
998,2016-10-10,1,61.333333333333336
999,2016-10-11,1,61.333333333333336
1000,2016-10-12,1,61.333333333333336
1001,2016-10-13,1,57.6
1002,2016-10-14,1,57.6
1003,2016-10-15,1,57.6
1004,2016-10-16,0,57.6
1005,2016-10-17,0,217.2
1006,2016-10-18,0,217.2
1007,2016-10-19,0,217.2
1008,2016-10-20,0,217.2
1009,2016-10-21,1,217.2
1010,2016-10-22,1,217.2
1011,2016-10-23,1,217.2
1012,2016-10-24,1,217.2
1013,2016-10-25,1,217.2
1014,2016-10-26,1,217.2
1015,2016-10-27,1,217.2
1016,2016-10-28,1,217.2
1017,2016-10-29,1,217.2
1018,2016-10-30,1,217.2
1019,2016-10-31,1,217.2
1020,2016-11-01,1,217.2
1021,2016-11-02,1,217.2
1022,2016-11-03,1,217.2
1023,2016-11-04,1,217.2
1024,2016-11-05,1,217.2
1025,2016-11-06,1,217.2
1026,2016-11-07,1,217.2
1027,2016-11-08,1,217.2
1028,2016-11-09,1,217.2
1029,2016-11-10,1,1739.4
1030,2016-11-11,1,1739.4
1031,2016-11-12,1,1739.4
1032,2016-11-13,1,1739.4
1033,2016-11-14,1,1739.4
1034,2016-11-15,1,1739.4
1035,2016-11-16,1,1739.4
1036,2016-11-17,1,995.9
1037,2016-11-18,1,995.9
1038,2016-11-19,1,995.9
1039,2016-11-20,1,995.9
1040,2016-11-21,1,995.9
1041,2016-11-22,1,995.9
1042,2016-11-23,1,995.9
1043,2016-11-24,1,887.0
1044,2016-11-25,1,887.0
1045,2016-11-26,1,887.0
1046,2016-11-27,1,887.0
1047,2016-11-28,1,887.0
1048,2016-11-29,1,887.0
1049,2016-11-30,1,887.0
1050,2016-12-01,1,733.7
1051,2016-12-02,1,733.7
1052,2016-12-03,1,733.7
1053,2016-12-04,1,733.7
1054,2016-12-05,1,733.7
1055,2016-12-06,1,733.7
1056,2016-12-07,1,733.7
1057,2016-12-08,1,733.7
1058,2016-12-09,1,733.7
1059,2016-12-10,1,733.7
1060,2016-12-11,1,733.7
1061,2016-12-12,1,733.7
1062,2016-12-13,1,367.4
1063,2016-12-14,1,367.4
1064,2016-12-15,1,367.4
1065,2016-12-16,1,367.4
1066,2016-12-17,1,367.4
1067,2016-12-18,1,367.4
1068,2016-12-19,1,367.4
1069,2016-12-20,1,367.4
1070,2016-12-21,1,367.4
1071,2016-12-22,1,219.9
1072,2016-12-23,1,219.9
1073,2016-12-24,1,219.9
1074,2016-12-25,1,219.9
1075,2016-12-26,1,133.5
1076,2016-12-27,1,133.5
1077,2016-12-28,1,174.70000000000002
1078,2016-12-29,1,174.70000000000002
1079,2016-12-30,1,72.7
1080,2016-12-31,1,72.7
1081,2017-01-01,0,72.7
1082,2017-01-02,0,67.7
1083,2017-01-03,0,67.7
1084,2017-01-04,0,67.7
1085,2017-01-05,0,67.7
1086,2017-01-06,0,67.7
1087,2017-01-07,0,67.7
1088,2017-01-08,0,67.7
1089,2017-01-09,0,87.7
1090,2017-01-10,0,87.7
1091,2017-01-11,0,87.7
1092,2017-01-12,0,87.7
1093,2017-01-13,0,87.7
1094,2017-01-14,0,87.7
1095,2017-01-15,0,87.7
1096,2017-01-16,0,73.2
1097,2017-01-17,0,73.2
1098,2017-01-18,0,73.2
1099,2017-01-19,0,73.2
1100,2017-01-20,0,73.2
1101,2017-01-21,0,73.2
1102,2017-01-22,0,73.2
1103,2017-01-23,0,61.7
1104,2017-01-24,0,61.7
1105,2017-01-25,0,61.7
1106,2017-01-26,0,61.7
1107,2017-01-27,0,61.7
1108,2017-01-28,0,61.7
1109,2017-01-29,0,61.7
1110,2017-01-30,0,49.0
1111,2017-01-31,0,49.0
1112,2017-02-01,0,49.0
1113,2017-02-02,0,49.0
1114,2017-02-03,0,49.0
1115,2017-02-04,0,49.0
1116,2017-02-05,0,49.0
1117,2017-02-06,0,49.0
1118,2017-02-07,0,49.0
1119,2017-02-08,0,49.0
1120,2017-02-09,0,49.0
1121,2017-02-10,0,49.0
1122,2017-02-11,0,49.0
1123,2017-02-12,0,49.0
1124,2017-02-13,0,49.0
1125,2017-02-14,0,49.0
1126,2017-02-15,0,0.0
1127,2017-02-16,0,0.0
1128,2017-02-17,1,52.0
1129,2017-02-18,1,52.0
1130,2017-02-19,1,52.0
1131,2017-02-20,1,52.0
1132,2017-02-21,1,52.0
1133,2017-02-22,1,41.4
1134,2017-02-23,1,41.4
1135,2017-02-24,1,41.4
1136,2017-02-25,1,41.4
1137,2017-02-26,1,41.4
1138,2017-02-27,1,41.4
1139,2017-02-28,1,41.4
1140,2017-03-01,1,41.4
1141,2017-03-02,1,41.4
1142,2017-03-03,1,41.4
1143,2017-03-04,1,41.4
1144,2017-03-05,1,41.4
1145,2017-03-06,1,0.0
1146,2017-03-07,1,0.0
1147,2017-03-08,0,0.0
1148,2017-03-09,0,0.0
1149,2017-03-10,0,79.0
1150,2017-03-11,0,79.0
1151,2017-03-12,0,79.0
1152,2017-03-13,0,93.1
1153,2017-03-14,0,93.1
1154,2017-03-15,0,93.1
1155,2017-03-16,0,74.1
1156,2017-03-17,0,74.1
1157,2017-03-18,0,74.1
1158,2017-03-19,0,74.1
1159,2017-03-20,0,59.9
1160,2017-03-21,0,59.9
1161,2017-03-22,0,59.9
1162,2017-03-23,0,59.9
1163,2017-03-24,0,43.6
1164,2017-03-25,0,43.6
1165,2017-03-26,0,43.6
1166,2017-03-27,0,44.8
1167,2017-03-28,0,44.8
1168,2017-03-29,0,44.8
1169,2017-03-30,0,61.0
1170,2017-03-31,0,61.0
1171,2017-04-01,0,61.0
1172,2017-04-02,0,61.0
1173,2017-04-03,0,101.0
1174,2017-04-04,0,101.8
1175,2017-04-05,0,101.8
1176,2017-04-06,0,80.1
1177,2017-04-07,0,80.1
1178,2017-04-08,0,80.1
1179,2017-04-09,0,80.1
1180,2017-04-10,1,193.0
1181,2017-04-11,1,193.0
1182,2017-04-12,1,193.0
1183,2017-04-13,1,193.0
1184,2017-04-14,1,193.0
1185,2017-04-15,1,193.0
1186,2017-04-16,1,193.0
1187,2017-04-17,1,193.0
1188,2017-04-18,1,193.0
1189,2017-04-19,1,395.0
1190,2017-04-20,1,395.0
1191,2017-04-21,1,395.0
1192,2017-04-22,1,395.0
1193,2017-04-23,1,395.0
1194,2017-04-24,1,395.0
1195,2017-04-25,1,395.0
1196,2017-04-26,1,672.1
1197,2017-04-27,1,672.1
1198,2017-04-28,1,672.1
1199,2017-04-29,1,672.1
1200,2017-04-30,1,672.1
1201,2017-05-01,1,672.1
1202,2017-05-02,1,672.1
1203,2017-05-03,1,672.1
1204,2017-05-04,1,280.5
1205,2017-05-05,1,280.5
1206,2017-05-06,1,280.5
1207,2017-05-07,1,280.5
1208,2017-05-08,1,280.5
1209,2017-05-09,1,478.7
1210,2017-05-10,1,478.7
1211,2017-05-11,1,478.7
1212,2017-05-12,1,478.7
1213,2017-05-13,1,478.7
1214,2017-05-14,1,478.7
1215,2017-05-15,1,478.7
1216,2017-05-16,1,478.7
1217,2017-05-17,1,478.7
1218,2017-05-18,1,478.7
1219,2017-05-19,1,478.7
1220,2017-05-20,1,478.7
1221,2017-05-21,1,478.7
1222,2017-05-22,1,478.7
1223,2017-05-23,1,478.7
1224,2017-05-24,1,478.7
1225,2017-05-25,1,478.7
1226,2017-05-26,1,567.7
1227,2017-05-27,1,567.7
1228,2017-05-28,1,567.7
1229,2017-05-29,1,567.7
1230,2017-05-30,1,567.7
1231,2017-05-31,1,567.7
1232,2017-06-01,1,404.7
1233,2017-06-02,1,404.7
1234,2017-06-03,1,404.7
1235,2017-06-04,1,404.7
1236,2017-06-05,1,404.7
1237,2017-06-06,1,404.7
1238,2017-06-07,1,404.7
1239,2017-06-08,1,213.1
1240,2017-06-09,1,122.7
1241,2017-06-10,1,122.7
1242,2017-06-11,1,122.7
1243,2017-06-12,1,158.5
1244,2017-06-13,1,158.5
1245,2017-06-14,1,79.8
1246,2017-06-15,1,79.8
1247,2017-06-16,1,55.23333333333333
1248,2017-06-17,1,55.23333333333333
1249,2017-06-18,1,55.23333333333333
1250,2017-06-19,1,66.1
1251,2017-06-20,1,66.1
1252,2017-06-21,1,66.1
1253,2017-06-22,1,66.1
1254,2017-06-23,1,66.1
1255,2017-06-24,1,66.1
1256,2017-06-25,1,66.1
1257,2017-06-26,1,66.1
1258,2017-06-27,1,0.0
1259,2017-06-28,1,0.0
1260,2017-06-29,1,0.0
1261,2017-06-30,1,0.0
1262,2017-07-01,1,0.0
1263,2017-07-02,1,0.0
1264,2017-07-03,1,59.2
1265,2017-07-04,1,59.2
1266,2017-07-05,1,59.2
1267,2017-07-06,1,59.2
1268,2017-07-07,1,0.0
1269,2017-07-08,1,0.0
1270,2017-07-09,1,0.0
1271,2017-07-10,1,0.0
1272,2017-07-11,1,0.0
1273,2017-07-12,1,0.0
1274,2017-07-13,1,0.0
1275,2017-07-14,1,0.0
1276,2017-07-15,1,0.0
1277,2017-07-16,1,0.0
1278,2017-07-17,1,0.0
1279,2017-07-18,0,0.0
1280,2017-07-19,0,0.0
1281,2017-07-20,0,0.0
1282,2017-07-21,0,0.0
1283,2017-07-22,0,0.0
1284,2017-07-23,0,0.0
1285,2017-07-24,0,47.5
1286,2017-07-25,0,47.5
1287,2017-07-26,0,47.5
1288,2017-07-27,0,47.5
1289,2017-07-28,0,0.0
1290,2017-07-29,0,0.0
1291,2017-07-30,0,0.0
1292,2017-07-31,0,0.0
1293,2017-08-01,0,45.5
1294,2017-08-02,0,45.5
1295,2017-08-03,0,45.5
1296,2017-08-04,0,0.0
1297,2017-08-05,0,0.0
1298,2017-08-06,0,0.0
1299,2017-08-07,0,0.0
1300,2017-08-08,0,0.0
1301,2017-08-09,0,0.0
1302,2017-08-10,0,0.0
1303,2017-08-11,0,0.0
1304,2017-08-12,0,0.0
1305,2017-08-13,0,0.0
1306,2017-08-14,0,0.0
1307,2017-08-15,0,0.0
1308,2017-08-16,0,0.0
1309,2017-08-17,0,0.0
1310,2017-08-18,0,0.0
1311,2017-08-19,0,0.0
1312,2017-08-20,0,0.0
1313,2017-08-21,0,55.6
1314,2017-08-22,0,55.6
1315,2017-08-23,0,55.6
1316,2017-08-24,0,76.7
1317,2017-08-25,0,76.7
1318,2017-08-26,0,76.7
1319,2017-08-27,0,76.7
1320,2017-08-28,0,76.7
1321,2017-08-29,0,136.0
1322,2017-08-30,0,147.2
1323,2017-08-31,1,147.2
1324,2017-09-01,1,213.6
1325,2017-09-02,1,213.6
1326,2017-09-03,1,213.6
1327,2017-09-04,1,213.6
1328,2017-09-05,1,213.6
1329,2017-09-06,1,422.6
1330,2017-09-07,1,422.6
1331,2017-09-08,1,422.6
1332,2017-09-09,1,422.6
1333,2017-09-10,1,422.6
1334,2017-09-11,1,422.6
1335,2017-09-12,1,422.6
1336,2017-09-13,1,183.3
1337,2017-09-14,1,183.3
1338,2017-09-15,1,183.3
1339,2017-09-16,1,183.3
1340,2017-09-17,1,183.3
1341,2017-09-18,1,183.3
1342,2017-09-19,1,183.3
1343,2017-09-20,1,183.3
1344,2017-09-21,1,244.9
1345,2017-09-22,1,244.9
1346,2017-09-23,1,244.9
1347,2017-09-24,1,244.9
1348,2017-09-25,1,244.9
1349,2017-09-26,1,244.9
1350,2017-09-27,1,244.9
1351,2017-09-28,1,476.3
1352,2017-09-29,1,476.3
1353,2017-09-30,1,476.3
1354,2017-10-01,1,476.3
1355,2017-10-02,1,476.3
1356,2017-10-03,1,476.3
1357,2017-10-04,1,476.3
1358,2017-10-05,1,254.6
1359,2017-10-06,1,254.6
1360,2017-10-07,1,254.6
1361,2017-10-08,1,254.6
1362,2017-10-09,1,254.6
1363,2017-10-10,1,254.6
1364,2017-10-11,1,254.6
1365,2017-10-12,1,254.6
1366,2017-10-13,1,254.6
1367,2017-10-14,1,254.6
1368,2017-10-15,1,254.6
1369,2017-10-16,1,254.6
1370,2017-10-17,1,254.6
1371,2017-10-18,1,254.6
1372,2017-10-19,1,724.1
1373,2017-10-20,1,724.1
1374,2017-10-21,1,724.1
1375,2017-10-22,1,724.1
1376,2017-10-23,1,724.1
1377,2017-10-24,1,724.1
1378,2017-10-25,1,910.6
1379,2017-10-26,1,910.6
1380,2017-10-27,1,910.6
1381,2017-10-28,1,910.6
1382,2017-10-29,1,910.6
1383,2017-10-30,1,910.6
1384,2017-10-31,1,910.6
1385,2017-11-01,1,910.6
1386,2017-11-02,1,910.6
1387,2017-11-03,1,910.6
1388,2017-11-04,1,910.6
1389,2017-11-05,1,910.6
1390,2017-11-06,1,910.6
1391,2017-11-07,1,910.6
1392,2017-11-08,1,910.6
1393,2017-11-09,1,910.6
1394,2017-11-10,1,272.3
1395,2017-11-11,1,272.3
1396,2017-11-12,1,272.3
1397,2017-11-13,1,272.3
1398,2017-11-14,1,272.3
1399,2017-11-15,1,211.7
1400,2017-11-16,1,211.7
1401,2017-11-17,1,211.7
1402,2017-11-18,1,211.7
1403,2017-11-19,1,211.7
1404,2017-11-20,1,102.2
1405,2017-11-21,1,102.2
1406,2017-11-22,1,140.9333333333333
1407,2017-11-23,1,140.9333333333333
1408,2017-11-24,1,140.9333333333333
1409,2017-11-25,1,140.9333333333333
1410,2017-11-26,1,140.9333333333333
1411,2017-11-27,1,140.9333333333333
1412,2017-11-28,1,69.8
1413,2017-11-29,1,69.8
1414,2017-11-30,1,83.7
1415,2017-12-01,1,83.7
1416,2017-12-02,0,83.7
1417,2017-12-03,0,83.7
1418,2017-12-04,0,110.0
1419,2017-12-05,0,110.0
1420,2017-12-06,0,110.0
1421,2017-12-07,0,110.0
1422,2017-12-08,0,110.0
1423,2017-12-09,0,110.0
1424,2017-12-10,0,110.0
1425,2017-12-11,0,110.0
1426,2017-12-12,0,101.0
1427,2017-12-13,0,101.0
1428,2017-12-14,0,101.0
1429,2017-12-15,0,101.0
1430,2017-12-16,0,101.0
1431,2017-12-17,0,101.0
1432,2017-12-18,0,50.5
1433,2017-12-19,0,50.5
1434,2017-12-20,0,50.5
1435,2017-12-21,0,50.5
1436,2017-12-22,0,50.5
1437,2017-12-23,0,50.5
1438,2017-12-24,0,50.5
1439,2017-12-25,0,50.5
1440,2017-12-26,0,50.5
1441,2017-12-27,0,50.5
1442,2017-12-28,0,0.0
1443,2017-12-29,0,0.0
1444,2017-12-30,0,0.0
1445,2017-12-31,0,0.0
1446,2018-01-01,0,0.0
1447,2018-01-02,0,0.0
1448,2018-01-03,0,0.0
1449,2018-01-04,0,0.0
1450,2018-01-05,0,0.0
1451,2018-01-06,0,0.0
1452,2018-01-07,0,0.0
1453,2018-01-08,0,0.0
1454,2018-01-09,0,0.0
1455,2018-01-10,0,0.0
1456,2018-01-11,0,0.0
1457,2018-01-12,0,0.0
1458,2018-01-13,0,0.0
1459,2018-01-14,0,0.0
1460,2018-01-15,0,0.0
1461,2018-01-16,0,0.0
1462,2018-01-17,0,0.0
1463,2018-01-18,0,0.0
1464,2018-01-19,0,0.0
1465,2018-01-20,0,0.0
1466,2018-01-21,0,0.0
1467,2018-01-22,0,0.0
1468,2018-01-23,0,0.0
1469,2018-01-24,0,0.0
1470,2018-01-25,0,0.0
1471,2018-01-26,0,0.0
1472,2018-01-27,0,0.0
1473,2018-01-28,0,0.0
1474,2018-01-29,0,0.0
1475,2018-01-30,0,0.0
1476,2018-01-31,0,0.0
1477,2018-02-01,0,0.0
1478,2018-02-02,0,0.0
1479,2018-02-03,0,0.0
1480,2018-02-04,0,0.0
1481,2018-02-05,0,0.0
1482,2018-02-06,0,0.0
1483,2018-02-07,0,0.0
1484,2018-02-08,0,0.0
1485,2018-02-09,0,0.0
1486,2018-02-10,0,0.0
1487,2018-02-11,0,0.0
1488,2018-02-12,0,0.0
1489,2018-02-13,0,0.0
1490,2018-02-14,0,0.0
1491,2018-02-15,0,0.0
1492,2018-02-16,0,0.0
1493,2018-02-17,0,0.0
1494,2018-02-18,0,0.0
1495,2018-02-19,0,0.0
1496,2018-02-20,0,0.0
1497,2018-02-21,0,0.0
1498,2018-02-22,0,0.0
1499,2018-02-23,0,0.0
1500,2018-02-24,0,0.0
1501,2018-02-25,0,0.0
1502,2018-02-26,0,0.0
1503,2018-02-27,0,0.0
1504,2018-02-28,0,0.0
1505,2018-03-01,0,0.0
1506,2018-03-02,0,0.0
1507,2018-03-03,0,0.0
1508,2018-03-04,0,0.0
1509,2018-03-05,0,0.0
1510,2018-03-06,0,0.0
1511,2018-03-07,0,0.0
1512,2018-03-08,1,119.7
1513,2018-03-09,1,145.2
1514,2018-03-10,1,145.2
1515,2018-03-11,1,145.2
1516,2018-03-12,1,145.2
1517,2018-03-13,1,145.2
1518,2018-03-14,1,145.2
1519,2018-03-15,1,145.2
1520,2018-03-16,1,232.2
1521,2018-03-17,1,232.2
1522,2018-03-18,1,232.2
1523,2018-03-19,1,232.2
1524,2018-03-20,1,232.2
1525,2018-03-21,1,232.2
1526,2018-03-22,1,335.1
1527,2018-03-23,1,335.1
1528,2018-03-24,1,335.1
1529,2018-03-25,1,335.1
1530,2018-03-26,1,335.1
1531,2018-03-27,1,335.1
1532,2018-03-28,1,335.1
1533,2018-03-29,1,335.1
1534,2018-03-30,1,335.1
1535,2018-03-31,1,335.1
1536,2018-04-01,1,335.1
1537,2018-04-02,1,335.1
1538,2018-04-03,1,335.1
1539,2018-04-04,1,89.4
1540,2018-04-05,1,89.4
1541,2018-04-06,1,146.4
1542,2018-04-07,1,146.4
1543,2018-04-08,1,146.4
1544,2018-04-09,1,146.4
1545,2018-04-10,1,146.4
1546,2018-04-11,1,146.4
1547,2018-04-12,1,446.0
1548,2018-04-13,1,446.0
1549,2018-04-14,1,446.0
1550,2018-04-15,1,446.0
1551,2018-04-16,1,446.0
1552,2018-04-17,1,446.0
1553,2018-04-18,1,225.0
1554,2018-04-19,1,225.0
1555,2018-04-20,1,225.0
1556,2018-04-21,1,225.0
1557,2018-04-22,1,225.0
1558,2018-04-23,1,225.0
1559,2018-04-24,1,186.5
1560,2018-04-25,1,186.5
1561,2018-04-26,1,186.5
1562,2018-04-27,1,186.5
1563,2018-04-28,1,186.5
1564,2018-04-29,1,186.5
1565,2018-04-30,1,186.5
1566,2018-05-01,1,186.5
1567,2018-05-02,1,186.5
1568,2018-05-03,1,243.3
1569,2018-05-04,1,243.3
1570,2018-05-05,1,243.3
1571,2018-05-06,1,243.3
1572,2018-05-07,1,150.8
1573,2018-05-08,1,150.8
1574,2018-05-09,1,150.8
1575,2018-05-10,1,150.8
1576,2018-05-11,1,150.8
1577,2018-05-12,1,150.8
1578,2018-05-13,1,150.8
1579,2018-05-14,1,150.8
1580,2018-05-15,1,150.8
1581,2018-05-16,1,622.0
1582,2018-05-17,1,622.0
1583,2018-05-18,1,622.0
1584,2018-05-19,1,622.0
1585,2018-05-20,1,622.0
1586,2018-05-21,1,622.0
1587,2018-05-22,1,622.0
1588,2018-05-23,1,622.0
1589,2018-05-24,1,622.0
1590,2018-05-25,1,509.8
1591,2018-05-26,1,509.8
1592,2018-05-27,1,509.8
1593,2018-05-28,1,509.8
1594,2018-05-29,1,509.8
1595,2018-05-30,1,509.8
1596,2018-05-31,1,509.8
1597,2018-06-01,1,509.8
1598,2018-06-02,1,509.8
1599,2018-06-03,1,509.8
1600,2018-06-04,1,509.8
1601,2018-06-05,1,509.8
1602,2018-06-06,1,509.8
1603,2018-06-07,1,885.6
1604,2018-06-08,1,885.6
1605,2018-06-09,1,885.6
1606,2018-06-10,1,885.6
1607,2018-06-11,1,885.6
1608,2018-06-12,1,885.6
1609,2018-06-13,1,885.6
1610,2018-06-14,1,885.6
1611,2018-06-15,1,885.6
1612,2018-06-16,1,885.6
1613,2018-06-17,1,885.6
1614,2018-06-18,1,885.6
1615,2018-06-19,1,885.6
1616,2018-06-20,1,885.6
1617,2018-06-21,1,741.3
1618,2018-06-22,1,741.3
1619,2018-06-23,1,741.3
1620,2018-06-24,1,741.3
1621,2018-06-25,1,741.3
1622,2018-06-26,1,741.3
1623,2018-06-27,1,741.3
1624,2018-06-28,1,485.8
1625,2018-06-29,1,485.8
1626,2018-06-30,1,485.8
1627,2018-07-01,1,485.8
1628,2018-07-02,1,485.8
1629,2018-07-03,1,485.8
1630,2018-07-04,1,485.8
1631,2018-07-05,1,274.7
1632,2018-07-06,1,274.7
1633,2018-07-07,1,274.7
1634,2018-07-08,1,274.7
1635,2018-07-09,1,274.7
1636,2018-07-10,1,207.3
1637,2018-07-11,1,207.3
1638,2018-07-12,1,207.3
1639,2018-07-13,1,207.3
1640,2018-07-14,1,207.3
1641,2018-07-15,1,207.3
1642,2018-07-16,1,207.3
1643,2018-07-17,1,207.3
1644,2018-07-18,1,121.6
1645,2018-07-19,1,121.6
1646,2018-07-20,1,35.575
1647,2018-07-21,1,35.575
1648,2018-07-22,1,35.575
1649,2018-07-23,1,68.2
1650,2018-07-24,1,68.2
1651,2018-07-25,1,68.2
1652,2018-07-26,1,68.2
1653,2018-07-27,1,68.2
1654,2018-07-28,1,68.2
1655,2018-07-29,1,68.2
1656,2018-07-30,1,68.2
1657,2018-07-31,1,68.2
1658,2018-08-01,1,68.2
1659,2018-08-02,1,68.2
1660,2018-08-03,1,63.1
1661,2018-08-04,1,63.1
1662,2018-08-05,0,63.1
1663,2018-08-06,0,63.1
1664,2018-08-07,0,0.0
1665,2018-08-08,0,0.0
1666,2018-08-09,0,0.0
1667,2018-08-10,0,0.0
1668,2018-08-11,0,0.0
1669,2018-08-12,0,0.0
1670,2018-08-13,0,0.0
1671,2018-08-14,0,0.0
1672,2018-08-15,0,0.0
1673,2018-08-16,0,0.0
1674,2018-08-17,0,0.0
1675,2018-08-18,0,0.0
1676,2018-08-19,0,0.0
1677,2018-08-20,0,0.0
1678,2018-08-21,0,0.0
1679,2018-08-22,0,0.0
1680,2018-08-23,0,0.0
1681,2018-08-24,0,0.0
1682,2018-08-25,0,0.0
1683,2018-08-26,0,0.0
1684,2018-08-27,0,0.0
1685,2018-08-28,0,0.0
1686,2018-08-29,0,0.0
1687,2018-08-30,0,0.0
1688,2018-08-31,0,0.0
1689,2018-09-01,0,0.0
1690,2018-09-02,0,0.0
1691,2018-09-03,0,0.0
1692,2018-09-04,0,0.0
1693,2018-09-05,0,0.0
1694,2018-09-06,0,0.0
1695,2018-09-07,0,0.0
1696,2018-09-08,0,0.0
1697,2018-09-09,0,0.0
1698,2018-09-10,0,0.0
1699,2018-09-11,0,0.0
1700,2018-09-12,0,0.0
1701,2018-09-13,0,0.0
1702,2018-09-14,0,0.0
1703,2018-09-15,0,0.0
1704,2018-09-16,0,0.0
1705,2018-09-17,0,0.0
1706,2018-09-18,0,0.0
1707,2018-09-19,0,0.0
1708,2018-09-20,0,0.0
1709,2018-09-21,0,0.0
1710,2018-09-22,0,0.0
1711,2018-09-23,0,0.0
1712,2018-09-24,0,0.0
1713,2018-09-25,0,0.0
1714,2018-09-26,0,0.0
1715,2018-09-27,0,0.0
1716,2018-09-28,0,0.0
1717,2018-09-29,0,0.0
1718,2018-09-30,0,0.0
1719,2018-10-01,0,0.0
1720,2018-10-02,0,55.0
1721,2018-10-03,0,55.0
1722,2018-10-04,0,55.0
1723,2018-10-05,0,55.0
1724,2018-10-06,0,55.0
1725,2018-10-07,0,55.0
1726,2018-10-08,0,55.0
1727,2018-10-09,0,52.4
1728,2018-10-10,0,52.4
1729,2018-10-11,0,112.8
1730,2018-10-12,0,112.8
1731,2018-10-13,0,112.8
1732,2018-10-14,0,112.8
1733,2018-10-15,0,66.1
1734,2018-10-16,0,66.1
1735,2018-10-17,0,66.1
1736,2018-10-18,0,66.1
1737,2018-10-19,0,70.9
1738,2018-10-20,0,70.9
1739,2018-10-21,0,70.9
1740,2018-10-22,0,70.9
1741,2018-10-23,0,51.7
1742,2018-10-24,0,51.7
1743,2018-10-25,0,51.7
1744,2018-10-26,0,51.7
1745,2018-10-27,0,51.7
1746,2018-10-28,0,51.7
1747,2018-10-29,0,51.7
1748,2018-10-30,0,83.3
1749,2018-10-31,0,83.3
1750,2018-11-01,0,83.3
1751,2018-11-02,0,111.7
1752,2018-11-03,0,111.7
1753,2018-11-04,0,111.7
1754,2018-11-05,0,76.0
1755,2018-11-06,0,76.0
1756,2018-11-07,0,76.0
1757,2018-11-08,0,76.0
1758,2018-11-09,0,76.0
1759,2018-11-10,0,76.0
1760,2018-11-11,0,76.0
1761,2018-11-12,0,76.0
1762,2018-11-13,0,78.3
1763,2018-11-14,0,78.3
1764,2018-11-15,0,78.3
1765,2018-11-16,0,72.7
1766,2018-11-17,0,72.7
1767,2018-11-18,0,72.7
1768,2018-11-19,0,68.8
1769,2018-11-20,0,68.8
1770,2018-11-21,0,68.8
1771,2018-11-22,0,68.8
1772,2018-11-23,0,68.8
1773,2018-11-24,0,68.8
1774,2018-11-25,0,68.8
1775,2018-11-26,0,68.8
1776,2018-11-27,0,68.8
1777,2018-11-28,0,68.8
1778,2018-11-29,0,68.8
1779,2018-11-30,0,52.5
1780,2018-12-01,0,52.5
1781,2018-12-02,0,52.5
1782,2018-12-03,0,64.2
1783,2018-12-04,0,64.2
1784,2018-12-05,0,64.2
1785,2018-12-06,0,64.2
1786,2018-12-07,0,49.4
1787,2018-12-08,0,49.4
1788,2018-12-09,0,49.4
1789,2018-12-10,0,0.0
1790,2018-12-11,0,0.0
1791,2018-12-12,0,0.0
1792,2018-12-13,0,0.0
1793,2018-12-14,0,0.0
1794,2018-12-15,0,0.0
1795,2018-12-16,0,0.0
1796,2018-12-17,0,0.0
1797,2018-12-18,0,0.0
1798,2018-12-19,0,0.0
1799,2018-12-20,0,0.0
1800,2018-12-21,0,0.0
1801,2018-12-22,0,0.0
1802,2018-12-23,0,0.0
1803,2018-12-24,0,0.0
1804,2018-12-25,0,0.0
1805,2018-12-26,0,0.0
1806,2018-12-27,0,0.0
1807,2018-12-28,0,0.0
1808,2018-12-29,0,0.0
1809,2018-12-30,0,0.0
1810,2018-12-31,0,0.0
1811,2019-01-01,0,0.0
1812,2019-01-02,0,0.0
1813,2019-01-03,0,0.0
1814,2019-01-04,0,0.0
1815,2019-01-05,0,0.0
1816,2019-01-06,0,0.0
1817,2019-01-07,0,0.0
1818,2019-01-08,0,0.0
1819,2019-01-09,0,0.0
1820,2019-01-10,0,0.0
1821,2019-01-11,0,0.0
1822,2019-01-12,0,0.0
1823,2019-01-13,0,0.0
1824,2019-01-14,0,0.0
1825,2019-01-15,0,0.0
1826,2019-01-16,0,0.0
1827,2019-01-17,0,0.0
1828,2019-01-18,0,0.0
1829,2019-01-19,0,0.0
1830,2019-01-20,0,0.0
1831,2019-01-21,0,0.0
1832,2019-01-22,0,0.0
1833,2019-01-23,0,0.0
1834,2019-01-24,0,0.0
1835,2019-01-25,0,0.0
1836,2019-01-26,0,0.0
1837,2019-01-27,0,0.0
1838,2019-01-28,0,0.0
1839,2019-01-29,0,0.0
1840,2019-01-30,0,0.0
1841,2019-01-31,0,0.0
1842,2019-02-01,0,0.0
1843,2019-02-02,0,0.0
1844,2019-02-03,0,0.0
1845,2019-02-04,0,0.0
1846,2019-02-05,0,0.0
1847,2019-02-06,0,0.0
1848,2019-02-07,0,0.0
1849,2019-02-08,0,0.0
1850,2019-02-09,0,0.0
1851,2019-02-10,0,0.0
1852,2019-02-11,0,0.0
1853,2019-02-12,0,0.0
1854,2019-02-13,0,0.0
1855,2019-02-14,0,0.0
1856,2019-02-15,0,0.0
1857,2019-02-16,0,0.0
1858,2019-02-17,0,0.0
1859,2019-02-18,0,0.0
1860,2019-02-19,0,0.0
1861,2019-02-20,0,0.0
1862,2019-02-21,0,0.0
1863,2019-02-22,0,0.0
1864,2019-02-23,0,0.0
1865,2019-02-24,0,0.0
1866,2019-02-25,0,0.0
1867,2019-02-26,0,0.0
1868,2019-02-27,0,0.0
1869,2019-02-28,0,0.0
1870,2019-03-01,0,0.0
1871,2019-03-02,0,0.0
1872,2019-03-03,0,0.0
1873,2019-03-04,0,41.0
1874,2019-03-05,0,41.0
1875,2019-03-06,0,82.5
1876,2019-03-07,0,157.0
1877,2019-03-08,1,146.5
1878,2019-03-09,1,146.5
1879,2019-03-10,1,146.5
1880,2019-03-11,1,194.4
1881,2019-03-12,1,194.4
1882,2019-03-13,1,194.4
1883,2019-03-14,1,194.4
1884,2019-03-15,1,304.4
1885,2019-03-16,1,304.4
1886,2019-03-17,1,304.4
1887,2019-03-18,1,304.4
1888,2019-03-19,1,304.4
1889,2019-03-20,1,304.4
1890,2019-03-21,1,351.4
1891,2019-03-22,1,351.4
1892,2019-03-23,1,351.4
1893,2019-03-24,1,351.4
1894,2019-03-25,1,351.4
1895,2019-03-26,1,351.4
1896,2019-03-27,1,124.7
1897,2019-03-28,1,124.7
1898,2019-03-29,1,152.4
1899,2019-03-30,1,152.4
1900,2019-03-31,1,152.4
1901,2019-04-01,1,152.4
1902,2019-04-02,1,184.5
1903,2019-04-03,1,184.5
1904,2019-04-04,1,184.5
1905,2019-04-05,1,184.5
1906,2019-04-06,1,184.5
1907,2019-04-07,1,184.5
1908,2019-04-08,1,184.5
1909,2019-04-09,1,184.5
1910,2019-04-10,1,184.5
1911,2019-04-11,1,556.4
1912,2019-04-12,1,556.4
1913,2019-04-13,1,556.4
1914,2019-04-14,1,556.4
1915,2019-04-15,1,556.4
1916,2019-04-16,1,556.4
1917,2019-04-17,1,556.4
1918,2019-04-18,1,556.4
1919,2019-04-19,1,556.4
1920,2019-04-20,1,556.4
1921,2019-04-21,1,556.4
1922,2019-04-22,1,556.4
1923,2019-04-23,1,556.4
1924,2019-04-24,1,556.4
1925,2019-04-25,1,556.4
1926,2019-04-26,1,556.4
1927,2019-04-27,1,556.4
1928,2019-04-28,1,556.4
1929,2019-04-29,1,556.4
1930,2019-04-30,1,556.4
1931,2019-05-01,1,556.4
1932,2019-05-02,1,556.4
1933,2019-05-03,1,556.4
1934,2019-05-04,1,556.4
1935,2019-05-05,1,556.4
1936,2019-05-06,1,556.4
1937,2019-05-07,1,556.4
1938,2019-05-08,1,556.4
1939,2019-05-09,1,556.4
1940,2019-05-10,1,556.4
1941,2019-05-11,1,556.4
1942,2019-05-12,1,556.4
1943,2019-05-13,1,556.4
1944,2019-05-14,1,556.4
1945,2019-05-15,1,328.1
1946,2019-05-16,1,328.1
1947,2019-05-17,1,328.1
1948,2019-05-18,1,328.1
1949,2019-05-19,1,328.1
1950,2019-05-20,1,328.1
1951,2019-05-21,1,328.1
1952,2019-05-22,1,328.1
1953,2019-05-23,1,328.1
1954,2019-05-24,1,328.1
1955,2019-05-25,1,328.1
1956,2019-05-26,1,328.1
1957,2019-05-27,1,328.1
1958,2019-05-28,1,169.1
1959,2019-05-29,1,169.1
1960,2019-05-30,1,169.1
1961,2019-05-31,1,169.1
1962,2019-06-01,1,169.1
1963,2019-06-02,1,169.1
1964,2019-06-03,1,169.1
1965,2019-06-04,1,169.1
1966,2019-06-05,1,226.9
1967,2019-06-06,1,226.9
1968,2019-06-07,1,226.9
1969,2019-06-08,1,226.9
1970,2019-06-09,1,226.9
1971,2019-06-10,1,226.9
1972,2019-06-11,1,226.9
1973,2019-06-12,1,162.3
1974,2019-06-13,1,162.3
1975,2019-06-14,1,162.3
1976,2019-06-15,1,162.3
1977,2019-06-16,1,162.3
1978,2019-06-17,1,162.3
1979,2019-06-18,1,179.6
1980,2019-06-19,1,179.6
1981,2019-06-20,1,179.6
1982,2019-06-21,1,179.6
1983,2019-06-22,1,179.6
1984,2019-06-23,1,179.6
1985,2019-06-24,1,179.6
1986,2019-06-25,1,72.7
1987,2019-06-26,1,72.7
1988,2019-06-27,1,115.2
1989,2019-06-28,1,202.95
1990,2019-06-29,1,202.95
1991,2019-06-30,1,202.95
1992,2019-07-01,1,79.3
1993,2019-07-02,1,79.3
1994,2019-07-03,1,69.36666666666667
1995,2019-07-04,1,69.36666666666667
1996,2019-07-05,0,53.633333333333326
1997,2019-07-06,0,53.633333333333326
1998,2019-07-07,0,53.633333333333326
1999,2019-07-08,0,44.3
2000,2019-07-09,0,44.3
2001,2019-07-10,0,44.3
2002,2019-07-11,0,44.3
2003,2019-07-12,0,0.0
2004,2019-07-13,0,0.0
2005,2019-07-14,0,0.0
2006,2019-07-15,0,0.0
2007,2019-07-16,0,0.0
2008,2019-07-17,0,0.0
2009,2019-07-18,0,0.0
2010,2019-07-19,0,0.0
2011,2019-07-20,0,0.0
2012,2019-07-21,0,0.0
2013,2019-07-22,0,0.0
2014,2019-07-23,0,0.0
2015,2019-07-24,0,0.0
2016,2019-07-25,0,0.0
2017,2019-07-26,0,0.0
2018,2019-07-27,0,0.0
2019,2019-07-28,0,0.0
2020,2019-07-29,0,0.0
2021,2019-07-30,0,0.0
2022,2019-07-31,0,0.0
2023,2019-08-01,0,0.0
2024,2019-08-02,0,0.0
2025,2019-08-03,0,0.0
2026,2019-08-04,0,0.0
2027,2019-08-05,1,0.0
2028,2019-08-06,1,135.2
2029,2019-08-07,1,135.2
2030,2019-08-08,1,138.1
2031,2019-08-09,1,138.1
2032,2019-08-10,1,138.1
2033,2019-08-11,1,138.1
2034,2019-08-12,1,78.9
2035,2019-08-13,1,78.9
2036,2019-08-14,1,104.6
2037,2019-08-15,1,104.6
2038,2019-08-16,1,104.6
2039,2019-08-17,1,104.6
2040,2019-08-18,1,104.6
2041,2019-08-19,1,299.2
2042,2019-08-20,1,299.2
2043,2019-08-21,1,299.2
2044,2019-08-22,1,299.2
2045,2019-08-23,1,299.2
2046,2019-08-24,1,299.2
2047,2019-08-25,1,299.2
2048,2019-08-26,1,299.2
2049,2019-08-27,1,299.2
2050,2019-08-28,1,299.2
2051,2019-08-29,1,269.7
2052,2019-08-30,1,269.7
2053,2019-08-31,1,269.7
2054,2019-09-01,1,269.7
2055,2019-09-02,1,269.7
2056,2019-09-03,1,269.7
2057,2019-09-04,1,269.7
2058,2019-09-05,1,374.6
2059,2019-09-06,1,374.6
2060,2019-09-07,1,374.6
2061,2019-09-08,1,374.6
2062,2019-09-09,1,319.2
2063,2019-09-10,1,319.2
2064,2019-09-11,1,319.2
2065,2019-09-12,1,319.2
2066,2019-09-13,1,319.2
2067,2019-09-14,1,319.2
2068,2019-09-15,1,319.2
2069,2019-09-16,1,319.2
2070,2019-09-17,1,319.2
2071,2019-09-18,1,319.2
2072,2019-09-19,1,153.6
2073,2019-09-20,1,153.6
2074,2019-09-21,1,153.6
2075,2019-09-22,1,153.6
2076,2019-09-23,1,199.4333333333333
2077,2019-09-24,1,199.4333333333333
2078,2019-09-25,1,199.4333333333333
2079,2019-09-26,1,199.4333333333333
2080,2019-09-27,1,176.1
2081,2019-09-28,1,176.1
2082,2019-09-29,1,176.1
2083,2019-09-30,1,176.1
2084,2019-10-01,1,444.1
2085,2019-10-02,1,444.1
2086,2019-10-03,1,444.1
2087,2019-10-04,1,444.1
2088,2019-10-05,1,444.1
2089,2019-10-06,1,444.1
2090,2019-10-07,1,444.1
2091,2019-10-08,1,444.1
2092,2019-10-09,1,796.8
2093,2019-10-10,1,796.8
2094,2019-10-11,1,796.8
2095,2019-10-12,1,796.8
2096,2019-10-13,1,796.8
2097,2019-10-14,1,796.8
2098,2019-10-15,1,796.8
2099,2019-10-16,1,796.8
2100,2019-10-17,1,796.8
2101,2019-10-18,1,796.8
2102,2019-10-19,1,796.8
2103,2019-10-20,1,796.8
2104,2019-10-21,1,796.8
2105,2019-10-22,1,796.8
2106,2019-10-23,1,194.7
2107,2019-10-24,1,194.7
2108,2019-10-25,1,194.7
2109,2019-10-26,1,194.7
2110,2019-10-27,1,194.7
2111,2019-10-28,1,194.7
2112,2019-10-29,1,194.7
2113,2019-10-30,1,194.7
2114,2019-10-31,1,194.7
2115,2019-11-01,1,194.7
2116,2019-11-02,1,194.7
2117,2019-11-03,1,194.7
2118,2019-11-04,1,194.7
2119,2019-11-05,1,194.7
2120,2019-11-06,1,194.7
2121,2019-11-07,1,312.3
2122,2019-11-08,1,312.3
2123,2019-11-09,1,312.3
2124,2019-11-10,1,312.3
2125,2019-11-11,1,312.3
2126,2019-11-12,1,312.3
2127,2019-11-13,1,337.0
2128,2019-11-14,1,337.0
2129,2019-11-15,1,337.0
2130,2019-11-16,1,337.0
2131,2019-11-17,1,337.0
2132,2019-11-18,1,337.0
2133,2019-11-19,1,229.8
2134,2019-11-20,1,229.8
2135,2019-11-21,1,182.4
2136,2019-11-22,1,182.4
2137,2019-11-23,1,182.4
2138,2019-11-24,1,182.4
2139,2019-11-25,1,138.8
2140,2019-11-26,1,138.8
2141,2019-11-27,1,128.73333333333332
2142,2019-11-28,1,128.73333333333332
2143,2019-11-29,1,55.7
2144,2019-11-30,1,55.7
2145,2019-12-01,1,55.7
2146,2019-12-02,1,129.23333333333335
2147,2019-12-03,1,129.23333333333335
2148,2019-12-04,1,117.2
2149,2019-12-05,1,117.2
2150,2019-12-06,0,117.2
2151,2019-12-07,0,117.2
2152,2019-12-08,0,117.2
2153,2019-12-09,0,50.4
2154,2019-12-10,0,50.4
2155,2019-12-11,0,50.4
2156,2019-12-12,0,50.4
2157,2019-12-13,0,50.4
2158,2019-12-14,0,50.4
2159,2019-12-15,0,50.4
2160,2019-12-16,0,50.4
2161,2019-12-17,0,0.0
2162,2019-12-18,0,0.0
2163,2019-12-19,0,0.0
2164,2019-12-20,0,0.0
2165,2019-12-21,0,0.0
2166,2019-12-22,0,0.0
2167,2019-12-23,0,0.0
2168,2019-12-24,0,0.0
2169,2019-12-25,0,0.0
2170,2019-12-26,0,0.0
2171,2019-12-27,0,0.0
2172,2019-12-28,0,0.0
2173,2019-12-29,0,0.0
2174,2019-12-30,0,0.0
2175,2019-12-31,0,0.0
2176,2020-01-01,0,0.0
2177,2020-01-02,0,0.0
2178,2020-01-03,0,0.0
2179,2020-01-04,0,0.0
2180,2020-01-05,0,0.0
2181,2020-01-06,0,0.0
2182,2020-01-07,0,0.0
2183,2020-01-08,0,0.0
2184,2020-01-09,0,0.0
2185,2020-01-10,0,0.0
2186,2020-01-11,0,0.0
2187,2020-01-12,0,0.0
2188,2020-01-13,0,0.0
2189,2020-01-14,0,0.0
2190,2020-01-15,0,0.0
2191,2020-01-16,0,0.0
2192,2020-01-17,0,0.0
2193,2020-01-18,0,0.0
2194,2020-01-19,0,0.0
2195,2020-01-20,0,0.0
2196,2020-01-21,0,0.0
2197,2020-01-22,0,0.0
2198,2020-01-23,0,0.0
2199,2020-01-24,0,0.0
2200,2020-01-25,0,0.0
2201,2020-01-26,0,0.0
2202,2020-01-27,0,0.0
2203,2020-01-28,0,0.0
2204,2020-01-29,0,0.0
2205,2020-01-30,0,0.0
2206,2020-01-31,0,0.0
2207,2020-02-01,0,0.0
2208,2020-02-02,0,0.0
2209,2020-02-03,0,0.0
2210,2020-02-04,0,100.0
2211,2020-02-05,0,100.0
2212,2020-02-06,0,150.8
2213,2020-02-07,1,119.2
2214,2020-02-08,1,119.2
2215,2020-02-09,1,119.2
2216,2020-02-10,1,149.9
2217,2020-02-11,1,174.8
2218,2020-02-12,1,174.8
2219,2020-02-13,1,174.8
2220,2020-02-14,1,174.8
2221,2020-02-15,1,174.8
2222,2020-02-16,1,174.8
2223,2020-02-17,1,265.8
2224,2020-02-18,1,265.8
2225,2020-02-19,1,265.8
2226,2020-02-20,1,265.8
2227,2020-02-21,1,265.8
2228,2020-02-22,1,265.8
2229,2020-02-23,1,265.8
2230,2020-02-24,1,265.8
2231,2020-02-25,1,248.7
2232,2020-02-26,1,248.7
2233,2020-02-27,1,248.7
2234,2020-02-28,1,248.7
2235,2020-02-29,1,248.7
2236,2020-03-01,1,248.7
2237,2020-03-02,1,248.7
2238,2020-03-03,1,248.7
2239,2020-03-04,1,175.4
2240,2020-03-05,1,175.4
2241,2020-03-06,1,175.4
2242,2020-03-07,1,175.4
2243,2020-03-08,1,175.4
2244,2020-03-09,1,175.4
2245,2020-03-10,1,136.8
2246,2020-03-11,1,136.8
2247,2020-03-12,1,151.13333333333333
2248,2020-03-13,0,151.13333333333333
2249,2020-03-14,0,151.13333333333333
2250,2020-03-15,0,151.13333333333333
2251,2020-03-16,0,82.5
2252,2020-03-17,0,82.5
2253,2020-03-18,0,79.83333333333333
2254,2020-03-19,0,79.83333333333333
2255,2020-03-20,0,79.83333333333333
2256,2020-03-21,0,79.83333333333333
2257,2020-03-22,0,79.83333333333333
2258,2020-03-23,0,79.83333333333333
2259,2020-03-24,0,63.0
2260,2020-03-25,0,63.0
2261,2020-03-26,0,63.0
2262,2020-03-27,0,98.5
2263,2020-03-28,0,98.5
2264,2020-03-29,0,98.5
2265,2020-03-30,0,98.5
2266,2020-03-31,0,91.3
2267,2020-04-01,0,91.3
2268,2020-04-02,0,91.3
2269,2020-04-03,0,111.3
2270,2020-04-04,0,111.3
2271,2020-04-05,0,111.3
2272,2020-04-06,0,133.6
2273,2020-04-07,0,133.6
2274,2020-04-08,0,165.8
2275,2020-04-09,1,165.8
2276,2020-04-10,1,165.8
2277,2020-04-11,1,165.8
2278,2020-04-12,1,165.8
2279,2020-04-13,1,165.8
2280,2020-04-14,1,165.8
2281,2020-04-15,1,165.8
2282,2020-04-16,1,165.8
2283,2020-04-17,1,165.8
2284,2020-04-18,1,165.8
2285,2020-04-19,1,165.8
2286,2020-04-20,1,165.8
2287,2020-04-21,1,165.8
2288,2020-04-22,1,353.6
2289,2020-04-23,1,353.6
2290,2020-04-24,1,353.6
2291,2020-04-25,1,353.6
2292,2020-04-26,1,353.6
2293,2020-04-27,1,353.6
2294,2020-04-28,1,353.6
2295,2020-04-29,1,353.6
2296,2020-04-30,1,353.6
2297,2020-05-01,1,353.6
2298,2020-05-02,1,353.6
2299,2020-05-03,1,353.6
2300,2020-05-04,1,353.6
2301,2020-05-05,1,353.6
2302,2020-05-06,1,996.2
2303,2020-05-07,1,996.2
2304,2020-05-08,1,996.2
2305,2020-05-09,1,996.2
2306,2020-05-10,1,996.2
2307,2020-05-11,1,996.2
2308,2020-05-12,1,996.2
2309,2020-05-13,1,996.2
2310,2020-05-14,1,996.2
2311,2020-05-15,1,996.2
2312,2020-05-16,1,996.2
2313,2020-05-17,1,996.2
2314,2020-05-18,1,996.2
2315,2020-05-19,1,454.2
2316,2020-05-20,1,454.2
2317,2020-05-21,1,454.2
2318,2020-05-22,1,454.2
2319,2020-05-23,1,454.2
2320,2020-05-24,1,454.2
2321,2020-05-25,1,454.2
2322,2020-05-26,1,454.2
2323,2020-05-27,1,454.2
2324,2020-05-28,1,454.2
2325,2020-05-29,1,454.2
2326,2020-05-30,1,454.2
2327,2020-05-31,1,454.2
2328,2020-06-01,1,454.2
2329,2020-06-02,1,454.2
2330,2020-06-03,1,233.4
2331,2020-06-04,1,233.4
2332,2020-06-05,1,233.4
2333,2020-06-06,1,233.4
2334,2020-06-07,1,233.4
2335,2020-06-08,1,233.4
2336,2020-06-09,1,134.5
2337,2020-06-10,1,134.5
2338,2020-06-11,1,134.5
2339,2020-06-12,1,48.26666666666667
2340,2020-06-13,1,48.26666666666667
2341,2020-06-14,1,48.26666666666667
2342,2020-06-15,1,48.26666666666667
2343,2020-06-16,1,74.1
2344,2020-06-17,1,74.1
2345,2020-06-18,1,74.1
2346,2020-06-19,1,74.1
2347,2020-06-20,1,74.1
2348,2020-06-21,1,74.1
2349,2020-06-22,1,74.1
2350,2020-06-23,1,65.4
2351,2020-06-24,1,65.4
2352,2020-06-25,1,65.4
2353,2020-06-26,1,65.4
2354,2020-06-27,1,65.4
2355,2020-06-28,1,65.4
2356,2020-06-29,1,55.5
2357,2020-06-30,1,55.5
2358,2020-07-01,1,55.5
2359,2020-07-02,1,55.5
2360,2020-07-03,1,55.5
2361,2020-07-04,1,55.5
2362,2020-07-05,1,55.5
2363,2020-07-06,1,55.5
2364,2020-07-07,1,55.5
2365,2020-07-08,1,0.0
2366,2020-07-09,1,0.0
2367,2020-07-10,1,0.0
2368,2020-07-11,1,0.0
2369,2020-07-12,1,0.0
2370,2020-07-13,1,0.0
2371,2020-07-14,1,0.0
2372,2020-07-15,1,0.0
2373,2020-07-16,1,0.0
2374,2020-07-17,1,0.0
2375,2020-07-18,1,0.0
2376,2020-07-19,1,0.0
2377,2020-07-20,1,0.0
2378,2020-07-21,0,0.0
2379,2020-07-22,0,0.0
2380,2020-07-23,0,0.0
2381,2020-07-24,0,0.0
2382,2020-07-25,0,0.0
2383,2020-07-26,0,0.0
2384,2020-07-27,0,41.2
2385,2020-07-28,0,41.2
2386,2020-07-29,0,41.2
2387,2020-07-30,0,41.2
2388,2020-07-31,0,0.0
2389,2020-08-01,0,0.0
2390,2020-08-02,0,0.0
2391,2020-08-03,0,0.0
2392,2020-08-04,0,0.0
2393,2020-08-05,0,0.0
2394,2020-08-06,0,0.0
2395,2020-08-07,0,0.0
2396,2020-08-08,0,0.0
2397,2020-08-09,0,0.0
2398,2020-08-10,0,44.8
2399,2020-08-11,0,44.8
2400,2020-08-12,0,44.8
2401,2020-08-13,0,44.8
2402,2020-08-14,0,44.8
2403,2020-08-15,0,44.8
2404,2020-08-16,1,44.8
2405,2020-08-17,1,44.8
2406,2020-08-18,1,110.2
2407,2020-08-19,1,110.2
2408,2020-08-20,1,73.2
2409,2020-08-21,1,102.8
2410,2020-08-22,1,102.8
2411,2020-08-23,1,102.8
2412,2020-08-24,1,180.8
2413,2020-08-25,1,180.8
2414,2020-08-26,1,180.8
2415,2020-08-27,1,180.8
2416,2020-08-28,1,180.8
2417,2020-08-29,1,180.8
2418,2020-08-30,1,180.8
2419,2020-08-31,1,180.8
2420,2020-09-01,1,394.4
2421,2020-09-02,1,394.4
2422,2020-09-03,1,394.4
2423,2020-09-04,1,394.4
2424,2020-09-05,1,394.4
2425,2020-09-06,1,394.4
2426,2020-09-07,1,394.4
2427,2020-09-08,1,315.8
2428,2020-09-09,1,315.8
2429,2020-09-10,1,315.8
2430,2020-09-11,1,315.8
2431,2020-09-12,1,315.8
2432,2020-09-13,1,315.8
2433,2020-09-14,1,315.8
2434,2020-09-15,1,315.8
2435,2020-09-16,1,276.3
2436,2020-09-17,1,276.3
2437,2020-09-18,1,276.3
2438,2020-09-19,1,276.3
2439,2020-09-20,1,276.3
2440,2020-09-21,1,276.3
2441,2020-09-22,1,276.3
2442,2020-09-23,1,276.3
2443,2020-09-24,1,276.3
2444,2020-09-25,1,276.3
2445,2020-09-26,1,276.3
2446,2020-09-27,1,276.3
2447,2020-09-28,1,276.3
2448,2020-09-29,1,276.3
2449,2020-09-30,1,276.3
2450,2020-10-01,1,276.3
2451,2020-10-02,1,276.3
2452,2020-10-03,1,276.3
2453,2020-10-04,1,276.3
2454,2020-10-05,1,276.3
2455,2020-10-06,1,276.3
2456,2020-10-07,1,276.3
2457,2020-10-08,1,276.3
2458,2020-10-09,1,701.1
2459,2020-10-10,1,701.1
2460,2020-10-11,1,701.1
2461,2020-10-12,1,701.1
2462,2020-10-13,1,701.1
2463,2020-10-14,1,701.1
2464,2020-10-15,1,701.1
2465,2020-10-16,1,300.2
2466,2020-10-17,1,300.2
2467,2020-10-18,1,300.2
2468,2020-10-19,1,265.3
2469,2020-10-20,1,265.3
2470,2020-10-21,1,265.3
2471,2020-10-22,1,265.3
2472,2020-10-23,1,265.3
2473,2020-10-24,1,265.3
2474,2020-10-25,1,265.3
2475,2020-10-26,1,265.3
2476,2020-10-27,1,265.3
2477,2020-10-28,1,265.3
2478,2020-10-29,1,265.3
2479,2020-10-30,1,265.3
2480,2020-10-31,1,265.3
2481,2020-11-01,1,265.3
2482,2020-11-02,1,265.3
2483,2020-11-03,1,265.3
2484,2020-11-04,1,265.3
2485,2020-11-05,1,367.3
2486,2020-11-06,1,367.3
2487,2020-11-07,1,367.3
2488,2020-11-08,1,367.3
2489,2020-11-09,1,367.3
2490,2020-11-10,1,367.3
2491,2020-11-11,1,367.3
2492,2020-11-12,1,367.3
2493,2020-11-13,1,367.3
2494,2020-11-14,1,367.3
2495,2020-11-15,1,367.3
2496,2020-11-16,1,367.3
2497,2020-11-17,1,367.3
2498,2020-11-18,1,466.6
2499,2020-11-19,1,466.6
2500,2020-11-20,1,466.6
2501,2020-11-21,1,466.6
2502,2020-11-22,1,466.6
2503,2020-11-23,1,466.6
2504,2020-11-24,1,466.6
2505,2020-11-25,1,399.6
2506,2020-11-26,1,399.6
2507,2020-11-27,1,399.6
2508,2020-11-28,1,399.6
2509,2020-11-29,1,399.6
2510,2020-11-30,1,399.6
2511,2020-12-01,1,399.6
2512,2020-12-02,1,399.6
2513,2020-12-03,1,399.6
2514,2020-12-04,1,399.6
2515,2020-12-05,1,399.6
2516,2020-12-06,1,399.6
2517,2020-12-07,1,399.6
2518,2020-12-08,1,399.6
2519,2020-12-09,1,399.6
2520,2020-12-10,1,253.1
2521,2020-12-11,1,253.1
2522,2020-12-12,1,253.1
2523,2020-12-13,1,253.1
2524,2020-12-14,1,207.4
2525,2020-12-15,1,207.4
2526,2020-12-16,1,207.4
2527,2020-12-17,1,110.2
2528,2020-12-18,1,110.2
2529,2020-12-19,1,110.2
2530,2020-12-20,1,110.2
2531,2020-12-21,1,211.13333333333333
2532,2020-12-22,1,211.13333333333333
2533,2020-12-23,1,211.13333333333333
2534,2020-12-24,1,211.13333333333333
2535,2020-12-25,1,211.13333333333333
2536,2020-12-26,1,211.13333333333333
2537,2020-12-27,1,211.13333333333333
2538,2020-12-28,1,211.13333333333333
2539,2020-12-29,1,211.13333333333333
2540,2020-12-30,1,119.0
2541,2020-12-31,1,119.0
2542,2021-01-01,1,119.0
2543,2021-01-02,1,119.0
2544,2021-01-03,1,119.0
2545,2021-01-04,1,59.3
2546,2021-01-05,1,59.3
2547,2021-01-06,1,59.3
2548,2021-01-07,1,59.3
2549,2021-01-08,1,59.3
2550,2021-01-09,0,59.3
2551,2021-01-10,0,59.3
2552,2021-01-11,0,59.3
2553,2021-01-12,0,59.3
2554,2021-01-13,0,0.0
2555,2021-01-14,0,0.0
2556,2021-01-15,0,0.0
2557,2021-01-16,0,0.0
2558,2021-01-17,0,0.0
2559,2021-01-18,0,0.0
2560,2021-01-19,0,0.0
2561,2021-01-20,0,0.0
2562,2021-01-21,0,0.0
2563,2021-01-22,0,0.0
2564,2021-01-23,0,0.0
2565,2021-01-24,0,0.0
2566,2021-01-25,0,0.0
2567,2021-01-26,0,0.0
2568,2021-01-27,0,0.0
2569,2021-01-28,0,58.5
2570,2021-01-29,0,58.5
2571,2021-01-30,0,58.5
2572,2021-01-31,0,58.5
2573,2021-02-01,1,58.5
2574,2021-02-02,1,58.5
2575,2021-02-03,1,58.5
2576,2021-02-04,1,56.2
2577,2021-02-05,1,56.2
2578,2021-02-06,1,56.2
2579,2021-02-07,1,56.2
2580,2021-02-08,1,46.2
2581,2021-02-09,1,46.2
2582,2021-02-10,1,46.2
2583,2021-02-11,1,46.2
2584,2021-02-12,1,46.2
2585,2021-02-13,1,46.2
2586,2021-02-14,1,46.2
2587,2021-02-15,1,0.0
2588,2021-02-16,1,0.0
2589,2021-02-17,1,0.0
2590,2021-02-18,1,0.0
2591,2021-02-19,1,0.0
2592,2021-02-20,1,0.0
2593,2021-02-21,1,0.0
2594,2021-02-22,1,0.0
2595,2021-02-23,1,0.0
2596,2021-02-24,1,0.0
2597,2021-02-25,1,0.0
2598,2021-02-26,1,0.0
2599,2021-02-27,1,0.0
2600,2021-02-28,1,0.0
2601,2021-03-01,1,0.0
2602,2021-03-02,1,0.0
2603,2021-03-03,0,0.0
2604,2021-03-04,0,0.0
2605,2021-03-05,0,0.0
2606,2021-03-06,0,0.0
2607,2021-03-07,0,0.0
2608,2021-03-08,0,0.0
2609,2021-03-09,0,0.0
2610,2021-03-10,0,0.0
2611,2021-03-11,0,0.0
2612,2021-03-12,0,0.0
2613,2021-03-13,0,0.0
2614,2021-03-14,0,0.0
2615,2021-03-15,1,58.2
2616,2021-03-16,1,58.2
2617,2021-03-17,1,58.2
2618,2021-03-18,1,109.1
2619,2021-03-19,1,109.1
2620,2021-03-20,1,109.1
2621,2021-03-21,1,109.1
2622,2021-03-22,1,109.0
2623,2021-03-23,1,109.0
2624,2021-03-24,1,109.0
2625,2021-03-25,1,194.9
2626,2021-03-26,1,194.9
2627,2021-03-27,1,194.9
2628,2021-03-28,1,194.9
2629,2021-03-29,1,162.7
2630,2021-03-30,1,162.7
2631,2021-03-31,1,162.7
2632,2021-04-01,1,162.7
2633,2021-04-02,1,162.7
2634,2021-04-03,1,162.7
2635,2021-04-04,1,162.7
2636,2021-04-05,1,143.7
2637,2021-04-06,1,143.7
2638,2021-04-07,1,181.03333333333333
2639,2021-04-08,1,181.03333333333333
2640,2021-04-09,1,181.03333333333333
2641,2021-04-10,1,181.03333333333333
2642,2021-04-11,1,181.03333333333333
2643,2021-04-12,1,232.5
2644,2021-04-13,1,232.5
2645,2021-04-14,1,232.5
2646,2021-04-15,1,232.5
2647,2021-04-16,1,232.5
2648,2021-04-17,1,232.5
2649,2021-04-18,1,232.5
2650,2021-04-19,1,232.5
2651,2021-04-20,1,144.3
2652,2021-04-21,1,144.3
2653,2021-04-22,1,171.83333333333334
2654,2021-04-23,1,171.83333333333334
2655,2021-04-24,1,171.83333333333334
2656,2021-04-25,1,171.83333333333334
2657,2021-04-26,1,353.2
2658,2021-04-27,1,353.2
2659,2021-04-28,1,353.2
2660,2021-04-29,1,353.2
2661,2021-04-30,1,353.2
2662,2021-05-01,1,353.2
2663,2021-05-02,1,353.2
2664,2021-05-03,1,353.2
2665,2021-05-04,1,1075.6
2666,2021-05-05,1,1075.6
2667,2021-05-06,1,1075.6
2668,2021-05-07,1,1075.6
2669,2021-05-08,1,1075.6
2670,2021-05-09,1,1075.6
2671,2021-05-10,1,1075.6
2672,2021-05-11,1,1075.6
2673,2021-05-12,1,1075.6
2674,2021-05-13,1,1075.6
2675,2021-05-14,1,1075.6
2676,2021-05-15,1,1075.6
2677,2021-05-16,1,1075.6
2678,2021-05-17,1,1075.6
2679,2021-05-18,1,1075.6
2680,2021-05-19,1,1075.6
2681,2021-05-20,1,574.4
2682,2021-05-21,1,574.4
2683,2021-05-22,1,574.4
2684,2021-05-23,1,574.4
2685,2021-05-24,1,574.4
2686,2021-05-25,1,574.4
2687,2021-05-26,1,574.4
2688,2021-05-27,1,510.7
2689,2021-05-28,1,510.7
2690,2021-05-29,1,510.7
2691,2021-05-30,1,510.7
2692,2021-05-31,1,510.7
2693,2021-06-01,1,372.0
2694,2021-06-02,1,372.0
2695,2021-06-03,1,372.0
2696,2021-06-04,1,372.0
2697,2021-06-05,1,372.0
2698,2021-06-06,1,372.0
2699,2021-06-07,1,372.0
2700,2021-06-08,1,372.0
2701,2021-06-09,1,261.7
2702,2021-06-10,1,261.7
2703,2021-06-11,1,261.7
2704,2021-06-12,1,261.7
2705,2021-06-13,1,261.7
2706,2021-06-14,1,261.7
2707,2021-06-15,1,75.0
2708,2021-06-16,1,75.0
2709,2021-06-17,1,75.56666666666668
2710,2021-06-18,1,75.56666666666668
2711,2021-06-19,0,75.56666666666668
2712,2021-06-20,0,75.56666666666668
2713,2021-06-21,0,60.1
2714,2021-06-22,0,60.1
2715,2021-06-23,0,60.1
2716,2021-06-24,0,60.1
2717,2021-06-25,0,60.1
2718,2021-06-26,0,60.1
2719,2021-06-27,0,60.1
2720,2021-06-28,0,60.1
2721,2021-06-29,0,51.0
2722,2021-06-30,0,51.0
2723,2021-07-01,0,51.0
2724,2021-07-02,0,51.0
2725,2021-07-03,0,51.0
2726,2021-07-04,0,51.0
2727,2021-07-05,0,51.0
2728,2021-07-06,0,46.0
2729,2021-07-07,0,46.0
2730,2021-07-08,0,46.0
2731,2021-07-09,0,44.2
2732,2021-07-10,0,44.2
2733,2021-07-11,0,44.2
2734,2021-07-12,0,44.2
2735,2021-07-13,0,48.5
2736,2021-07-14,0,48.5
2737,2021-07-15,0,48.5
2738,2021-07-16,0,0.0
2739,2021-07-17,0,0.0
2740,2021-07-18,0,0.0
2741,2021-07-19,0,0.0
2742,2021-07-20,0,54.4
2743,2021-07-21,0,54.4
2744,2021-07-22,0,54.4
2745,2021-07-23,0,70.3
2746,2021-07-24,0,70.3
2747,2021-07-25,0,70.3
2748,2021-07-26,0,123.7
2749,2021-07-27,1,123.7
2750,2021-07-28,1,123.7
2751,2021-07-29,1,134.6
2752,2021-07-30,1,134.6
2753,2021-07-31,1,134.6
2754,2021-08-01,1,134.6
2755,2021-08-02,1,61.0
2756,2021-08-03,1,61.0
2757,2021-08-04,1,61.0
2758,2021-08-05,1,61.0
2759,2021-08-06,1,142.7
2760,2021-08-07,1,142.7
2761,2021-08-08,1,142.7
2762,2021-08-09,1,109.1
2763,2021-08-10,1,109.1
2764,2021-08-11,1,111.3
2765,2021-08-12,1,111.3
2766,2021-08-13,1,80.4
2767,2021-08-14,1,80.4
2768,2021-08-15,1,80.4
2769,2021-08-16,1,80.4
2770,2021-08-17,1,106.5
2771,2021-08-18,1,52.8
2772,2021-08-19,1,52.8
2773,2021-08-20,1,52.8
2774,2021-08-21,1,52.8
2775,2021-08-22,1,52.8
2776,2021-08-23,1,241.3
2777,2021-08-24,1,241.3
2778,2021-08-25,1,241.3
2779,2021-08-26,1,241.3
2780,2021-08-27,1,241.3
2781,2021-08-28,1,241.3
2782,2021-08-29,1,241.3
2783,2021-08-30,1,241.3
2784,2021-08-31,1,241.3
2785,2021-09-01,1,241.3
2786,2021-09-02,1,248.3
2787,2021-09-03,1,248.3
2788,2021-09-04,1,248.3
2789,2021-09-05,1,248.3
2790,2021-09-06,1,625.5
2791,2021-09-07,1,625.5
2792,2021-09-08,1,625.5
2793,2021-09-09,1,625.5
2794,2021-09-10,1,625.5
2795,2021-09-11,1,625.5
2796,2021-09-12,1,625.5
2797,2021-09-13,1,625.5
2798,2021-09-14,1,625.5
2799,2021-09-15,1,625.5
2800,2021-09-16,1,625.5
2801,2021-09-17,1,625.5
2802,2021-09-18,1,625.5
2803,2021-09-19,1,625.5
2804,2021-09-20,1,625.5
2805,2021-09-21,1,625.5
2806,2021-09-22,1,625.5
2807,2021-09-23,1,566.3
2808,2021-09-24,1,566.3
2809,2021-09-25,1,566.3
2810,2021-09-26,1,566.3
2811,2021-09-27,1,566.3
2812,2021-09-28,1,566.3
2813,2021-09-29,1,566.3
2814,2021-09-30,1,239.7
2815,2021-10-01,1,239.7
2816,2021-10-02,1,239.7
2817,2021-10-03,1,239.7
2818,2021-10-04,1,239.7
2819,2021-10-05,1,239.7
2820,2021-10-06,1,759.5
2821,2021-10-07,1,759.5
2822,2021-10-08,1,759.5
2823,2021-10-09,1,759.5
2824,2021-10-10,1,759.5
2825,2021-10-11,1,759.5
2826,2021-10-12,1,759.5
2827,2021-10-13,1,759.5
2828,2021-10-14,1,759.5
2829,2021-10-15,1,759.5
2830,2021-10-16,1,759.5
2831,2021-10-17,1,759.5
2832,2021-10-18,1,759.5
2833,2021-10-19,1,759.5
2834,2021-10-20,1,180.5
2835,2021-10-21,1,180.5
2836,2021-10-22,1,180.5
2837,2021-10-23,1,180.5
2838,2021-10-24,1,180.5
2839,2021-10-25,1,180.5
2840,2021-10-26,1,316.8
2841,2021-10-27,1,316.8
2842,2021-10-28,1,316.8
2843,2021-10-29,1,316.8
2844,2021-10-30,1,316.8
2845,2021-10-31,1,316.8
2846,2021-11-01,1,316.8
2847,2021-11-02,1,316.8
2848,2021-11-03,1,316.8
2849,2021-11-04,1,316.8
2850,2021-11-05,1,316.8
2851,2021-11-06,1,316.8
2852,2021-11-07,1,316.8
2853,2021-11-08,1,316.8
2854,2021-11-09,1,316.8
2855,2021-11-10,1,180.9
2856,2021-11-11,1,180.9
2857,2021-11-12,1,112.8
2858,2021-11-13,0,112.8
2859,2021-11-14,0,112.8
2860,2021-11-15,0,51.3
2861,2021-11-16,0,51.3
2862,2021-11-17,0,51.3
2863,2021-11-18,0,51.3
2864,2021-11-19,0,94.0
2865,2021-11-20,0,94.0
2866,2021-11-21,0,94.0
2867,2021-11-22,0,146.3
2868,2021-11-23,0,146.3
2869,2021-11-24,0,146.3
2870,2021-11-25,0,47.7
2871,2021-11-26,0,47.7
2872,2021-11-27,0,47.7
2873,2021-11-28,0,47.7
2874,2021-11-29,0,91.2
2875,2021-11-30,0,91.2
2876,2021-12-01,0,91.2
2877,2021-12-02,0,91.2
2878,2021-12-03,0,31.6
2879,2021-12-04,0,31.6
2880,2021-12-05,0,31.6
2881,2021-12-06,0,31.6
2882,2021-12-07,0,0.0
2883,2021-12-08,0,0.0
2884,2021-12-09,0,0.0
2885,2021-12-10,0,0.0
2886,2021-12-11,0,0.0
2887,2021-12-12,0,0.0
2888,2021-12-13,0,0.0
2889,2021-12-14,0,0.0
2890,2021-12-15,0,0.0
2891,2021-12-16,0,0.0
2892,2021-12-17,0,0.0
2893,2021-12-18,0,0.0
2894,2021-12-19,0,0.0
2895,2021-12-20,0,0.0
2896,2021-12-21,0,0.0
2897,2021-12-22,0,0.0
2898,2021-12-23,0,0.0
2899,2021-12-24,0,0.0
2900,2021-12-25,0,0.0
2901,2021-12-26,0,0.0
2902,2021-12-27,0,0.0
2903,2021-12-28,0,0.0
2904,2021-12-29,0,0.0
2905,2021-12-30,0,0.0
2906,2021-12-31,0,0.0
2907,2022-01-01,0,0.0
2908,2022-01-02,0,0.0
2909,2022-01-03,0,0.0
2910,2022-01-04,0,0.0
2911,2022-01-05,0,0.0
2912,2022-01-06,0,0.0
2913,2022-01-07,0,0.0
2914,2022-01-08,0,0.0
2915,2022-01-09,0,0.0
2916,2022-01-10,0,0.0
2917,2022-01-11,0,0.0
2918,2022-01-12,0,0.0
2919,2022-01-13,0,0.0
2920,2022-01-14,0,0.0
2921,2022-01-15,0,0.0
2922,2022-01-16,0,0.0
2923,2022-01-17,0,0.0
2924,2022-01-18,0,0.0
2925,2022-01-19,0,0.0
2926,2022-01-20,0,0.0
2927,2022-01-21,0,0.0
2928,2022-01-22,0,0.0
2929,2022-01-23,0,0.0
2930,2022-01-24,0,0.0
2931,2022-01-25,0,0.0
2932,2022-01-26,0,0.0
2933,2022-01-27,0,0.0
2934,2022-01-28,0,0.0
2935,2022-01-29,0,0.0
2936,2022-01-30,0,0.0
2937,2022-01-31,0,0.0
2938,2022-02-01,0,0.0
2939,2022-02-02,0,0.0
2940,2022-02-03,0,0.0
2941,2022-02-04,0,0.0
2942,2022-02-05,0,0.0
2943,2022-02-06,0,0.0
2944,2022-02-07,0,0.0
2945,2022-02-08,0,0.0
2946,2022-02-09,0,0.0
2947,2022-02-10,0,0.0
2948,2022-02-11,0,0.0
2949,2022-02-12,0,0.0
2950,2022-02-13,0,0.0
2951,2022-02-14,0,0.0
2952,2022-02-15,0,0.0
2953,2022-02-16,0,0.0
2954,2022-02-17,0,0.0
2955,2022-02-18,0,0.0
2956,2022-02-19,0,0.0
2957,2022-02-20,0,0.0
2958,2022-02-21,0,0.0
2959,2022-02-22,0,0.0
2960,2022-02-23,0,0.0
2961,2022-02-24,0,0.0
2962,2022-02-25,0,0.0
2963,2022-02-26,0,0.0
2964,2022-02-27,0,0.0
2965,2022-02-28,0,0.0
2966,2022-03-01,0,0.0
2967,2022-03-02,0,0.0
2968,2022-03-03,0,0.0
2969,2022-03-04,0,60.9
2970,2022-03-05,0,60.9
2971,2022-03-06,0,60.9
2972,2022-03-07,0,65.3
2973,2022-03-08,0,65.3
2974,2022-03-09,0,65.3
2975,2022-03-10,0,65.3
2976,2022-03-11,0,66.5
2977,2022-03-12,0,66.5
2978,2022-03-13,0,66.5
2979,2022-03-14,0,81.6
2980,2022-03-15,0,81.6
2981,2022-03-16,0,81.6
2982,2022-03-17,0,81.6
2983,2022-03-18,0,127.7
2984,2022-03-19,0,127.7
2985,2022-03-20,0,127.7
2986,2022-03-21,0,98.5
2987,2022-03-22,0,98.5
2988,2022-03-23,0,98.5
2989,2022-03-24,0,98.5
2990,2022-03-25,0,114.5
2991,2022-03-26,0,114.5
2992,2022-03-27,0,114.5
2993,2022-03-28,1,243.4
2994,2022-03-29,1,243.4
2995,2022-03-30,1,243.4
2996,2022-03-31,1,243.4
2997,2022-04-01,1,243.4
2998,2022-04-02,1,243.4
2999,2022-04-03,1,243.4
3000,2022-04-04,1,112.7
3001,2022-04-05,1,112.7
3002,2022-04-06,1,0.0
3003,2022-04-07,1,0.0
3004,2022-04-08,1,0.0
3005,2022-04-09,1,0.0
3006,2022-04-10,1,0.0
3007,2022-04-11,1,124.7
3008,2022-04-12,1,124.7
3009,2022-04-13,1,170.2
3010,2022-04-14,1,170.2
3011,2022-04-15,1,170.2
3012,2022-04-16,1,170.2
3013,2022-04-17,1,170.2
3014,2022-04-18,1,183.4
3015,2022-04-19,1,183.4
3016,2022-04-20,1,183.4
3017,2022-04-21,1,183.4
3018,2022-04-22,1,183.4
3019,2022-04-23,1,183.4
3020,2022-04-24,1,183.4
3021,2022-04-25,1,183.4
3022,2022-04-26,1,386.6
3023,2022-04-27,1,386.6
3024,2022-04-28,1,386.6
3025,2022-04-29,1,386.6
3026,2022-04-30,1,386.6
3027,2022-05-01,1,386.6
3028,2022-05-02,1,386.6
3029,2022-05-03,1,232.0
3030,2022-05-04,1,232.0
3031,2022-05-05,1,232.0
3032,2022-05-06,1,232.0
3033,2022-05-07,1,232.0
3034,2022-05-08,1,232.0
3035,2022-05-09,1,170.8
3036,2022-05-10,1,170.8
3037,2022-05-11,1,170.8
3038,2022-05-12,1,134.0
3039,2022-05-13,1,134.0
3040,2022-05-14,1,134.0
3041,2022-05-15,1,134.0
3042,2022-05-16,1,118.96666666666664
3043,2022-05-17,1,118.96666666666664
3044,2022-05-18,1,118.96666666666664
3045,2022-05-19,1,76.83333333333333
3046,2022-05-20,1,76.83333333333333
3047,2022-05-21,0,76.83333333333333
3048,2022-05-22,0,76.83333333333333
3049,2022-05-23,0,76.83333333333333
3050,2022-05-24,0,121.7
3051,2022-05-25,0,121.7
3052,2022-05-26,0,121.7
3053,2022-05-27,0,111.2
3054,2022-05-28,0,111.2
3055,2022-05-29,0,111.2
3056,2022-05-30,0,62.3
3057,2022-05-31,0,62.3
3058,2022-06-01,0,62.3
3059,2022-06-02,0,62.3
3060,2022-06-03,0,0.0
3061,2022-06-04,0,0.0
3062,2022-06-05,0,0.0
3063,2022-06-06,0,0.0
3064,2022-06-07,0,43.5
3065,2022-06-08,0,43.5
3066,2022-06-09,0,43.5
3067,2022-06-10,0,43.5
3068,2022-06-11,0,43.5
3069,2022-06-12,0,43.5
3070,2022-06-13,0,63.6
3071,2022-06-14,0,63.6
3072,2022-06-15,0,63.6
3073,2022-06-16,0,63.6
3074,2022-06-17,1,203.4
3075,2022-06-18,1,203.4
3076,2022-06-19,1,203.4
3077,2022-06-20,1,124.6
3078,2022-06-21,1,124.6
3079,2022-06-22,1,124.6
3080,2022-06-23,1,202.1
3081,2022-06-24,1,202.1
3082,2022-06-25,1,202.1
3083,2022-06-26,1,202.1
3084,2022-06-27,1,202.1
3085,2022-06-28,1,204.8
3086,2022-06-29,1,204.8
3087,2022-06-30,1,204.8
3088,2022-07-01,1,204.8
3089,2022-07-02,1,204.8
3090,2022-07-03,1,204.8
3091,2022-07-04,1,281.0
3092,2022-07-05,1,281.0
3093,2022-07-06,1,281.0
3094,2022-07-07,1,281.0
3095,2022-07-08,1,281.0
3096,2022-07-09,1,281.0
3097,2022-07-10,1,281.0
3098,2022-07-11,1,281.0
3099,2022-07-12,1,281.0
3100,2022-07-13,1,377.3
3101,2022-07-14,1,377.3
3102,2022-07-15,1,377.3
3103,2022-07-16,1,377.3
3104,2022-07-17,1,377.3
3105,2022-07-18,1,377.3
3106,2022-07-19,1,305.5
3107,2022-07-20,1,305.5
3108,2022-07-21,1,305.5
3109,2022-07-22,1,305.5
3110,2022-07-23,1,305.5
3111,2022-07-24,1,305.5
3112,2022-07-25,1,305.5
3113,2022-07-26,1,305.5
3114,2022-07-27,1,270.0
3115,2022-07-28,1,270.0
3116,2022-07-29,1,270.0
3117,2022-07-30,1,270.0
3118,2022-07-31,1,270.0
3119,2022-08-01,1,270.0
3120,2022-08-02,1,270.0
3121,2022-08-03,1,137.8
3122,2022-08-04,1,137.8
3123,2022-08-05,1,137.8
3124,2022-08-06,1,137.8
3125,2022-08-07,1,137.8
3126,2022-08-08,1,137.8
3127,2022-08-09,1,499.8333333333333
3128,2022-08-10,1,499.8333333333333
3129,2022-08-11,1,499.8333333333333
3130,2022-08-12,1,499.8333333333333
3131,2022-08-13,1,499.8333333333333
3132,2022-08-14,1,499.8333333333333
3133,2022-08-15,1,499.8333333333333
3134,2022-08-16,1,499.8333333333333
3135,2022-08-17,1,499.8333333333333
3136,2022-08-18,1,499.8333333333333
3137,2022-08-19,1,499.8333333333333
3138,2022-08-20,1,499.8333333333333
3139,2022-08-21,1,499.8333333333333
3140,2022-08-22,1,499.8333333333333
3141,2022-08-23,1,480.8
3142,2022-08-24,1,480.8
3143,2022-08-25,1,480.8
3144,2022-08-26,1,480.8
3145,2022-08-27,1,480.8
3146,2022-08-28,1,480.8
3147,2022-08-29,1,480.8
3148,2022-08-30,1,480.8
3149,2022-08-31,1,480.8
3150,2022-09-01,1,734.8
3151,2022-09-02,1,734.8
3152,2022-09-03,1,734.8
3153,2022-09-04,1,734.8
3154,2022-09-05,1,734.8
3155,2022-09-06,1,734.8
3156,2022-09-07,1,734.8
3157,2022-09-08,1,402.1
3158,2022-09-09,1,402.1
3159,2022-09-10,1,402.1
3160,2022-09-11,1,402.1
3161,2022-09-12,1,402.1
3162,2022-09-13,1,402.1
3163,2022-09-14,1,402.1
3164,2022-09-15,1,402.1
3165,2022-09-16,1,402.1
3166,2022-09-17,0,402.1
3167,2022-09-18,0,402.1
3168,2022-09-19,0,402.1
3169,2022-09-20,0,402.1
3170,2022-09-21,0,402.1
3171,2022-09-22,0,402.1
3172,2022-09-23,0,402.1
3173,2022-09-24,0,402.1
3174,2022-09-25,0,402.1
3175,2022-09-26,0,402.1
3176,2022-09-27,0,402.1
3177,2022-09-28,0,402.1
3178,2022-09-29,0,402.1
3179,2022-09-30,0,402.1
3180,2022-10-01,0,402.1
3181,2022-10-02,0,402.1
3182,2022-10-03,0,402.1
3183,2022-10-04,0,180.8
3184,2022-10-05,0,180.8
3185,2022-10-06,0,180.8
3186,2022-10-07,0,180.8
3187,2022-10-08,0,180.8
3188,2022-10-09,0,180.8
3189,2022-10-10,0,180.8
3190,2022-10-11,0,180.8
3191,2022-10-12,0,180.8
3192,2022-10-13,0,180.8
3193,2022-10-14,0,127.5
3194,2022-10-15,0,127.5
3195,2022-10-16,0,127.5
3196,2022-10-17,0,73.10000000000001
3197,2022-10-18,0,73.10000000000001
3198,2022-10-19,0,118.0
3199,2022-10-20,0,118.0
3200,2022-10-21,0,118.0
3201,2022-10-22,0,118.0
3202,2022-10-23,0,118.0
3203,2022-10-24,0,43.7
3204,2022-10-25,0,43.7
3205,2022-10-26,0,43.7
3206,2022-10-27,0,43.7
3207,2022-10-28,0,43.7
3208,2022-10-29,0,43.7
3209,2022-10-30,0,43.7
3210,2022-10-31,0,108.5
3211,2022-11-01,0,108.5
3212,2022-11-02,0,108.5
3213,2022-11-03,0,108.5
3214,2022-11-04,0,95.7
3215,2022-11-05,0,95.7
3216,2022-11-06,0,95.7
3217,2022-11-07,0,52.0
3218,2022-11-08,0,52.0
3219,2022-11-09,0,52.0
3220,2022-11-10,0,52.0
3221,2022-11-11,0,36.2
3222,2022-11-12,0,36.2
3223,2022-11-13,0,36.2
3224,2022-11-14,0,31.0
3225,2022-11-15,0,31.0
3226,2022-11-16,0,31.0
3227,2022-11-17,0,31.0
3228,2022-11-18,0,31.0
3229,2022-11-19,0,31.0
3230,2022-11-20,0,31.0
3231,2022-11-21,0,0.0
3232,2022-11-22,0,0.0
3233,2022-11-23,0,0.0
3234,2022-11-24,0,0.0
3235,2022-11-25,0,0.0
3236,2022-11-26,0,0.0
3237,2022-11-27,0,0.0
3238,2022-11-28,0,0.0
3239,2022-11-29,0,0.0
3240,2022-11-30,0,0.0
3241,2022-12-01,0,0.0
3242,2022-12-02,0,0.0
3243,2022-12-03,0,0.0
3244,2022-12-04,0,0.0
3245,2022-12-05,0,0.0
3246,2022-12-06,0,0.0
3247,2022-12-07,0,0.0
3248,2022-12-08,0,0.0
3249,2022-12-09,0,0.0
3250,2022-12-10,0,0.0
3251,2022-12-11,0,0.0
3252,2022-12-12,0,0.0
3253,2022-12-13,0,0.0
3254,2022-12-14,0,0.0
3255,2022-12-15,0,0.0
3256,2022-12-16,0,0.0
3257,2022-12-17,0,0.0
3258,2022-12-18,0,0.0
3259,2022-12-19,0,0.0
3260,2022-12-20,0,0.0
3261,2022-12-21,0,0.0
3262,2022-12-22,0,0.0
3263,2022-12-23,0,0.0
3264,2022-12-24,0,0.0
3265,2022-12-25,0,0.0
3266,2022-12-26,0,0.0
3267,2022-12-27,0,0.0
3268,2022-12-28,0,0.0
3269,2022-12-29,0,0.0
3270,2022-12-30,0,0.0
3271,2022-12-31,0,0.0
3272,2023-01-01,0,0.0
3273,2023-01-02,0,0.0
3274,2023-01-03,0,0.0
3275,2023-01-04,0,0.0
3276,2023-01-05,0,0.0
3277,2023-01-06,0,0.0
3278,2023-01-07,0,0.0
3279,2023-01-08,0,0.0
3280,2023-01-09,0,0.0
3281,2023-01-10,0,0.0
3282,2023-01-11,0,0.0
3283,2023-01-12,0,0.0
3284,2023-01-13,0,0.0
3285,2023-01-14,0,0.0
3286,2023-01-15,0,0.0
3287,2023-01-16,0,0.0
3288,2023-01-17,0,0.0
3289,2023-01-18,0,0.0
3290,2023-01-19,0,0.0
3291,2023-01-20,0,0.0
3292,2023-01-21,0,0.0
3293,2023-01-22,0,0.0
3294,2023-01-23,0,0.0
3295,2023-01-24,0,0.0
3296,2023-01-25,0,0.0
3297,2023-01-26,0,0.0
3298,2023-01-27,0,0.0
3299,2023-01-28,0,0.0
3300,2023-01-29,0,0.0
3301,2023-01-30,0,0.0
3302,2023-01-31,0,0.0
3303,2023-02-01,0,0.0
3304,2023-02-02,0,0.0
3305,2023-02-03,0,0.0
3306,2023-02-04,0,0.0
3307,2023-02-05,0,0.0
3308,2023-02-06,0,0.0
3309,2023-02-07,0,0.0
3310,2023-02-08,0,0.0
3311,2023-02-09,0,0.0
3312,2023-02-10,0,0.0
3313,2023-02-11,0,0.0
3314,2023-02-12,0,0.0
3315,2023-02-13,0,0.0
3316,2023-02-14,0,0.0
3317,2023-02-15,0,0.0
3318,2023-02-16,0,0.0
3319,2023-02-17,0,0.0
3320,2023-02-18,0,0.0
3321,2023-02-19,0,0.0
3322,2023-02-20,0,0.0
3323,2023-02-21,0,0.0
3324,2023-02-22,0,0.0
3325,2023-02-23,0,0.0
3326,2023-02-24,0,0.0
3327,2023-02-25,0,0.0
3328,2023-02-26,0,0.0
3329,2023-02-27,0,0.0
3330,2023-02-28,0,0.0
3331,2023-03-01,0,0.0
3332,2023-03-02,0,0.0
3333,2023-03-03,0,0.0
3334,2023-03-04,0,0.0
3335,2023-03-05,0,0.0
3336,2023-03-06,0,0.0
3337,2023-03-07,0,0.0
3338,2023-03-08,0,0.0
3339,2023-03-09,0,0.0
3340,2023-03-10,0,0.0
3341,2023-03-11,0,0.0
3342,2023-03-12,0,0.0
3343,2023-03-13,0,95.2
3344,2023-03-14,0,95.2
3345,2023-03-15,0,95.2
3346,2023-03-16,1,150.4
3347,2023-03-17,1,150.4
3348,2023-03-18,1,150.4
3349,2023-03-19,1,150.4
3350,2023-03-20,1,150.4
3351,2023-03-21,1,144.7
3352,2023-03-22,1,144.7
3353,2023-03-23,1,144.7
3354,2023-03-24,1,144.7
3355,2023-03-25,1,144.7
3356,2023-03-26,1,144.7
3357,2023-03-27,1,108.7
3358,2023-03-28,1,108.7
3359,2023-03-29,1,136.4
3360,2023-03-30,1,136.4
3361,2023-03-31,1,136.4
3362,2023-04-01,1,136.4
3363,2023-04-02,1,136.4
3364,2023-04-03,1,150.3
3365,2023-04-04,1,150.3
3366,2023-04-05,1,113.7
3367,2023-04-06,1,113.7
3368,2023-04-07,1,113.7
3369,2023-04-08,1,113.7
3370,2023-04-09,1,113.7
3371,2023-04-10,1,151.0
3372,2023-04-11,1,151.0
3373,2023-04-12,1,109.0
3374,2023-04-13,1,109.0
3375,2023-04-14,0,78.6
3376,2023-04-15,0,78.6
3377,2023-04-16,0,78.6
3378,2023-04-17,0,68.5
3379,2023-04-18,0,68.5
3380,2023-04-19,0,68.5
3381,2023-04-20,0,68.5
3382,2023-04-21,0,68.5
3383,2023-04-22,0,68.5
3384,2023-04-23,0,68.5
3385,2023-04-24,0,68.5
3386,2023-04-25,0,64.1
3387,2023-04-26,0,64.1
3388,2023-04-27,0,64.1
3389,2023-04-28,0,64.1
3390,2023-04-29,0,64.1
3391,2023-04-30,0,64.1
3392,2023-05-01,0,64.1
3393,2023-05-02,0,95.4
3394,2023-05-03,0,95.4
3395,2023-05-04,0,99.1
3396,2023-05-05,0,99.1
3397,2023-05-06,0,99.1
3398,2023-05-07,0,99.1
3399,2023-05-08,1,134.2
3400,2023-05-09,1,134.2
3401,2023-05-10,1,111.3
3402,2023-05-11,1,111.3
3403,2023-05-12,1,141.1
3404,2023-05-13,1,141.1
3405,2023-05-14,1,141.1
3406,2023-05-15,1,141.1
3407,2023-05-16,1,91.6
3408,2023-05-17,1,91.6
3409,2023-05-18,1,91.6
3410,2023-05-19,1,94.9
3411,2023-05-20,1,94.9
3412,2023-05-21,1,94.9
3413,2023-05-22,1,94.9
3414,2023-05-23,1,94.9
3415,2023-05-24,1,94.9
3416,2023-05-25,1,94.9
3417,2023-05-26,1,94.9
3418,2023-05-27,1,94.9
3419,2023-05-28,1,94.9
3420,2023-05-29,1,0.0
3421,2023-05-30,1,0.0
3422,2023-05-31,1,0.0
3423,2023-06-01,1,0.0
3424,2023-06-02,1,0.0
3425,2023-06-03,1,0.0
3426,2023-06-04,1,0.0
3427,2023-06-05,1,0.0
3428,2023-06-06,1,0.0
3429,2023-06-07,1,0.0
3430,2023-06-08,1,0.0
3431,2023-06-09,1,0.0
3432,2023-06-10,1,0.0
3433,2023-06-11,1,0.0
3434,2023-06-12,1,0.0
3435,2023-06-13,1,0.0
3436,2023-06-14,1,495.0
3437,2023-06-15,1,495.0
3438,2023-06-16,1,495.0
3439,2023-06-17,1,495.0
3440,2023-06-18,1,495.0
3441,2023-06-19,1,495.0
3442,2023-06-20,1,495.0
3443,2023-06-21,1,204.3
3444,2023-06-22,1,204.3
3445,2023-06-23,1,204.3
3446,2023-06-24,1,204.3
3447,2023-06-25,1,204.3
3448,2023-06-26,1,204.3
3449,2023-06-27,1,106.6
3450,2023-06-28,1,106.6
3451,2023-06-29,1,106.6
3452,2023-06-30,0,24.866666666666664
3453,2023-07-01,0,24.866666666666664
3454,2023-07-02,0,24.866666666666664
3455,2023-07-03,0,0.0
3456,2023-07-04,0,0.0
3457,2023-07-05,0,0.0
3458,2023-07-06,0,0.0
3459,2023-07-07,0,0.0
3460,2023-07-08,0,0.0
3461,2023-07-09,0,0.0
3462,2023-07-10,0,0.0
3463,2023-07-11,0,0.0
3464,2023-07-12,0,0.0
3465,2023-07-13,0,0.0
3466,2023-07-14,0,0.0
3467,2023-07-15,0,0.0
3468,2023-07-16,0,0.0
3469,2023-07-17,0,0.0
3470,2023-07-18,0,0.0
3471,2023-07-19,0,0.0
3472,2023-07-20,0,0.0
3473,2023-07-21,0,0.0
3474,2023-07-22,0,0.0
3475,2023-07-23,0,0.0
3476,2023-07-24,0,0.0
3477,2023-07-25,0,0.0
3478,2023-07-26,0,0.0
3479,2023-07-27,0,0.0
3480,2023-07-28,0,0.0
3481,2023-07-29,0,0.0
3482,2023-07-30,0,0.0
3483,2023-07-31,0,0.0
3484,2023-08-01,0,0.0
3485,2023-08-02,0,0.0
3486,2023-08-03,0,0.0
3487,2023-08-04,0,0.0
3488,2023-08-05,0,0.0
3489,2023-08-06,0,0.0
3490,2023-08-07,0,56.4
3491,2023-08-08,0,56.4
3492,2023-08-09,0,56.4
3493,2023-08-10,0,95.7
3494,2023-08-11,0,95.7
3495,2023-08-12,0,95.7
3496,2023-08-13,0,95.7
3497,2023-08-14,0,75.8
3498,2023-08-15,0,75.8
3499,2023-08-16,0,75.8
3500,2023-08-17,0,75.8
3501,2023-08-18,0,99.7
3502,2023-08-19,0,99.7
3503,2023-08-20,0,99.7
3504,2023-08-21,0,113.8
3505,2023-08-22,0,113.8
3506,2023-08-23,0,69.3
3507,2023-08-24,0,69.3
3508,2023-08-25,0,70.9
3509,2023-08-26,0,70.9
3510,2023-08-27,0,70.9
3511,2023-08-28,0,70.9
3512,2023-08-29,1,64.8
3513,2023-08-30,1,64.8
3514,2023-08-31,1,64.8
3515,2023-09-01,1,64.8
3516,2023-09-02,1,64.8
3517,2023-09-03,1,64.8
3518,2023-09-04,1,64.8
3519,2023-09-05,1,64.8
3520,2023-09-06,1,64.8
3521,2023-09-07,1,62.2
3522,2023-09-08,1,62.2
3523,2023-09-09,1,62.2
3524,2023-09-10,1,62.2
3525,2023-09-11,1,62.2
3526,2023-09-12,1,197.3
3527,2023-09-13,1,197.3
3528,2023-09-14,1,197.3
3529,2023-09-15,1,197.3
3530,2023-09-16,1,197.3
3531,2023-09-17,1,197.3
3532,2023-09-18,1,197.3
3533,2023-09-19,1,197.3
3534,2023-09-20,1,189.1
3535,2023-09-21,1,189.1
3536,2023-09-22,1,189.1
3537,2023-09-23,1,189.1
3538,2023-09-24,1,189.1
3539,2023-09-25,1,189.1
3540,2023-09-26,1,189.1
3541,2023-09-27,1,189.1
3542,2023-09-28,1,189.1
3543,2023-09-29,1,189.1
3544,2023-09-30,1,189.1
3545,2023-10-01,1,189.1
3546,2023-10-02,1,189.1
3547,2023-10-03,1,185.7
3548,2023-10-04,1,185.7
3549,2023-10-05,1,214.0
3550,2023-10-06,1,214.0
3551,2023-10-07,1,214.0
3552,2023-10-08,1,214.0
3553,2023-10-09,1,214.0
3554,2023-10-10,1,214.0
3555,2023-10-11,1,214.0
3556,2023-10-12,1,214.0
3557,2023-10-13,1,214.0
3558,2023-10-14,1,214.0
3559,2023-10-15,1,214.0
3560,2023-10-16,1,214.0
3561,2023-10-17,1,206.9
3562,2023-10-18,1,206.9
3563,2023-10-19,1,206.9
3564,2023-10-20,1,206.9
3565,2023-10-21,1,206.9
3566,2023-10-22,1,206.9
3567,2023-10-23,1,206.9
3568,2023-10-24,1,130.0
3569,2023-10-25,1,130.0
3570,2023-10-26,1,213.4333333333333
3571,2023-10-27,1,213.4333333333333
3572,2023-10-28,1,213.4333333333333
3573,2023-10-29,1,213.4333333333333
3574,2023-10-30,1,213.4333333333333
3575,2023-10-31,1,213.4333333333333
3576,2023-11-01,1,213.4333333333333
3577,2023-11-02,1,213.4333333333333
3578,2023-11-03,1,213.4333333333333
3579,2023-11-04,1,213.4333333333333
3580,2023-11-05,1,213.4333333333333
3581,2023-11-06,1,76.7
3582,2023-11-07,1,76.7
3583,2023-11-08,1,70.73333333333333
3584,2023-11-09,0,70.73333333333333
3585,2023-11-10,0,70.73333333333333
3586,2023-11-11,0,70.73333333333333
3587,2023-11-12,0,70.73333333333333
3588,2023-11-13,0,26.6
3589,2023-11-14,0,26.6
3590,2023-11-15,0,26.6
3591,2023-11-16,0,26.6
3592,2023-11-17,0,26.6
3593,2023-11-18,0,26.6
3594,2023-11-19,0,26.6
3595,2023-11-20,0,0.0
3596,2023-11-21,0,0.0
3597,2023-11-22,0,0.0
3598,2023-11-23,0,0.0
3599,2023-11-24,0,0.0
3600,2023-11-25,0,0.0
3601,2023-11-26,0,0.0
3602,2023-11-27,0,0.0
3603,2023-11-28,0,0.0
3604,2023-11-29,0,0.0
3605,2023-11-30,0,0.0
3606,2023-12-01,0,0.0
3607,2023-12-02,0,0.0
3608,2023-12-03,0,0.0
3609,2023-12-04,0,0.0
3610,2023-12-05,0,0.0
3611,2023-12-06,0,0.0
3612,2023-12-07,0,0.0
3613,2023-12-08,0,0.0
3614,2023-12-09,0,0.0
3615,2023-12-10,0,0.0
3616,2023-12-11,0,0.0
3617,2023-12-12,0,0.0
3618,2023-12-13,0,0.0
3619,2023-12-14,0,0.0
3620,2023-12-15,0,0.0
3621,2023-12-16,0,0.0
3622,2023-12-17,0,0.0
3623,2023-12-18,0,0.0
3624,2023-12-19,0,0.0
3625,2023-12-20,0,0.0
3626,2023-12-21,0,0.0
3627,2023-12-22,0,0.0
3628,2023-12-23,0,0.0
3629,2023-12-24,0,0.0
3630,2023-12-25,0,0.0
3631,2023-12-26,0,0.0
3632,2023-12-27,0,0.0
3633,2023-12-28,0,0.0
3634,2023-12-29,0,0.0
3635,2023-12-30,0,0.0
3636,2023-12-31,0,0.0
