dia,abierto/cerrado
4/3/2010,0
5/3/2010,0
6/3/2010,0
7/3/2010,0
8/3/2010,0
9/3/2010,0
10/3/2010,0
11/3/2010,0
12/3/2010,0
13/3/2010,0
14/3/2010,0
15/3/2010,0
16/3/2010,0
17/3/2010,0
18/3/2010,0
19/3/2010,0
20/3/2010,0
21/3/2010,0
22/3/2010,0
23/3/2010,0
24/3/2010,0
25/3/2010,0
26/3/2010,0
27/3/2010,0
28/3/2010,0
29/3/2010,0
30/3/2010,0
31/3/2010,0
1/4/2010,0
2/4/2010,0
3/4/2010,0
4/4/2010,0
5/4/2010,0
6/4/2010,0
7/4/2010,0
8/4/2010,0
9/4/2010,0
10/4/2010,0
11/4/2010,0
12/4/2010,0
13/4/2010,0
14/4/2010,0
15/4/2010,0
16/4/2010,0
17/4/2010,0
18/4/2010,0
19/4/2010,0
20/4/2010,0
21/4/2010,0
22/4/2010,0
23/4/2010,0
24/4/2010,0
25/4/2010,0
26/4/2010,0
27/4/2010,0
28/4/2010,0
29/4/2010,0
30/4/2010,0
1/5/2010,0
2/5/2010,0
3/5/2010,0
4/5/2010,0
5/5/2010,0
6/5/2010,0
7/5/2010,0
8/5/2010,0
9/5/2010,0
10/5/2010,0
11/5/2010,0
12/5/2010,0
13/5/2010,0
14/5/2010,0
15/5/2010,0
16/5/2010,0
17/5/2010,0
18/5/2010,0
19/5/2010,0
20/5/2010,0
21/5/2010,0
22/5/2010,0
23/5/2010,0
24/5/2010,0
25/5/2010,0
26/5/2010,0
27/5/2010,0
28/5/2010,0
29/5/2010,0
30/5/2010,0
31/5/2010,0
1/6/2010,0
2/6/2010,0
3/6/2010,0
4/6/2010,1
5/6/2010,1
6/6/2010,1
7/6/2010,1
8/6/2010,1
9/6/2010,1
10/6/2010,1
11/6/2010,1
12/6/2010,1
13/6/2010,1
14/6/2010,1
15/6/2010,1
16/6/2010,1
17/6/2010,1
18/6/2010,0
19/6/2010,0
20/6/2010,0
21/6/2010,0
22/6/2010,0
23/6/2010,0
24/6/2010,0
25/6/2010,0
26/6/2010,0
27/6/2010,0
28/6/2010,0
29/6/2010,0
30/6/2010,0
1/7/2010,0
2/7/2010,1
3/7/2010,1
4/7/2010,1
5/7/2010,1
6/7/2010,1
7/7/2010,1
8/7/2010,1
9/7/2010,1
10/7/2010,1
11/7/2010,1
12/7/2010,1
13/7/2010,1
14/7/2010,1
15/7/2010,1
16/7/2010,1
17/7/2010,1
18/7/2010,1
19/7/2010,1
20/7/2010,1
21/7/2010,1
22/7/2010,1
23/7/2010,1
24/7/2010,1
25/7/2010,1
26/7/2010,1
27/7/2010,1
28/7/2010,1
29/7/2010,1
30/7/2010,1
31/7/2010,1
1/8/2010,1
2/8/2010,1
3/8/2010,1
4/8/2010,1
5/8/2010,1
6/8/2010,1
7/8/2010,1
8/8/2010,1
9/8/2010,1
10/8/2010,1
11/8/2010,1
12/8/2010,1
13/8/2010,1
14/8/2010,1
15/8/2010,1
16/8/2010,1
17/8/2010,1
18/8/2010,1
19/8/2010,1
20/8/2010,1
21/8/2010,1
22/8/2010,1
23/8/2010,1
24/8/2010,1
25/8/2010,1
26/8/2010,1
27/8/2010,1
28/8/2010,1
29/8/2010,1
30/8/2010,1
31/8/2010,1
1/9/2010,1
2/9/2010,1
3/9/2010,1
4/9/2010,1
5/9/2010,1
6/9/2010,1
7/9/2010,1
8/9/2010,1
9/9/2010,1
10/9/2010,1
11/9/2010,1
12/9/2010,1
13/9/2010,1
14/9/2010,1
15/9/2010,1
16/9/2010,1
17/9/2010,1
18/9/2010,1
19/9/2010,1
20/9/2010,1
21/9/2010,1
22/9/2010,1
23/9/2010,1
24/9/2010,1
25/9/2010,1
26/9/2010,1
27/9/2010,1
28/9/2010,1
29/9/2010,1
30/9/2010,1
1/10/2010,1
2/10/2010,1
3/10/2010,1
4/10/2010,1
5/10/2010,1
6/10/2010,1
7/10/2010,1
8/10/2010,1
9/10/2010,1
10/10/2010,1
11/10/2010,1
12/10/2010,1
13/10/2010,1
14/10/2010,1
15/10/2010,1
16/10/2010,1
17/10/2010,1
18/10/2010,1
19/10/2010,1
20/10/2010,1
21/10/2010,1
22/10/2010,1
23/10/2010,1
24/10/2010,1
25/10/2010,1
26/10/2010,1
27/10/2010,1
28/10/2010,1
29/10/2010,1
30/10/2010,1
31/10/2010,1
1/11/2010,1
2/11/2010,1
3/11/2010,1
4/11/2010,1
5/11/2010,1
6/11/2010,1
7/11/2010,1
8/11/2010,1
9/11/2010,1
10/11/2010,1
11/11/2010,1
12/11/2010,1
13/11/2010,1
14/11/2010,1
15/11/2010,1
16/11/2010,1
17/11/2010,1
18/11/2010,1
19/11/2010,1
20/11/2010,0
21/11/2010,0
22/11/2010,0
23/11/2010,0
24/11/2010,0
25/11/2010,0
26/11/2010,0
27/11/2010,0
28/11/2010,0
29/11/2010,0
30/11/2010,0
1/12/2010,0
2/12/2010,0
3/12/2010,0
4/12/2010,0
5/12/2010,0
6/12/2010,0
7/12/2010,0
8/12/2010,0
9/12/2010,0
10/12/2010,0
11/12/2010,0
12/12/2010,0
13/12/2010,0
14/12/2010,0
15/12/2010,0
16/12/2010,0
17/12/2010,0
18/12/2010,0
19/12/2010,0
20/12/2010,0
21/12/2010,0
22/12/2010,0
23/12/2010,0
24/12/2010,0
25/12/2010,0
26/12/2010,0
27/12/2010,0
28/12/2010,0
29/12/2010,0
30/12/2010,0
31/12/2010,0
1/1/2011,0
2/1/2011,0
3/1/2011,0
4/1/2011,0
5/1/2011,0
6/1/2011,0
7/1/2011,0
8/1/2011,0
9/1/2011,0
10/1/2011,0
11/1/2011,0
12/1/2011,0
13/1/2011,0
14/1/2011,0
15/1/2011,0
16/1/2011,0
17/1/2011,0
18/1/2011,0
19/1/2011,0
20/1/2011,0
21/1/2011,0
22/1/2011,0
23/1/2011,0
24/1/2011,0
25/1/2011,0
26/1/2011,0
27/1/2011,0
28/1/2011,0
29/1/2011,0
30/1/2011,0
31/1/2011,0
1/2/2011,0
2/2/2011,0
3/2/2011,0
4/2/2011,0
5/2/2011,0
6/2/2011,0
7/2/2011,0
8/2/2011,0
9/2/2011,0
10/2/2011,0
11/2/2011,0
12/2/2011,0
13/2/2011,0
14/2/2011,0
15/2/2011,0
16/2/2011,0
17/2/2011,0
18/2/2011,0
19/2/2011,0
20/2/2011,0
21/2/2011,0
22/2/2011,0
23/2/2011,0
24/2/2011,0
25/2/2011,0
26/2/2011,0
27/2/2011,0
28/2/2011,0
1/3/2011,0
2/3/2011,0
3/3/2011,0
4/3/2011,0
5/3/2011,0
6/3/2011,0
7/3/2011,0
8/3/2011,0
9/3/2011,0
10/3/2011,0
11/3/2011,0
12/3/2011,0
13/3/2011,0
14/3/2011,0
15/3/2011,0
16/3/2011,0
17/3/2011,0
18/3/2011,0
19/3/2011,0
20/3/2011,0
21/3/2011,0
22/3/2011,0
23/3/2011,0
24/3/2011,0
25/3/2011,0
26/3/2011,0
27/3/2011,0
28/3/2011,0
29/3/2011,0
30/3/2011,0
31/3/2011,0
1/4/2011,0
2/4/2011,0
3/4/2011,0
4/4/2011,0
5/4/2011,0
6/4/2011,0
7/4/2011,0
8/4/2011,0
9/4/2011,0
10/4/2011,0
11/4/2011,0
12/4/2011,0
13/4/2011,0
14/4/2011,0
15/4/2011,0
16/4/2011,0
17/4/2011,0
18/4/2011,0
19/4/2011,1
20/4/2011,1
21/4/2011,1
22/4/2011,1
23/4/2011,1
24/4/2011,1
25/4/2011,1
26/4/2011,1
27/4/2011,1
28/4/2011,1
29/4/2011,1
30/4/2011,1
1/5/2011,1
2/5/2011,1
3/5/2011,1
4/5/2011,1
5/5/2011,1
6/5/2011,1
7/5/2011,1
8/5/2011,1
9/5/2011,1
10/5/2011,1
11/5/2011,1
12/5/2011,1
13/5/2011,1
14/5/2011,1
15/5/2011,1
16/5/2011,1
17/5/2011,1
18/5/2011,1
19/5/2011,1
20/5/2011,1
21/5/2011,1
22/5/2011,1
23/5/2011,1
24/5/2011,1
25/5/2011,1
26/5/2011,1
27/5/2011,1
28/5/2011,1
29/5/2011,1
30/5/2011,1
31/5/2011,1
1/6/2011,1
2/6/2011,1
3/6/2011,1
4/6/2011,1
5/6/2011,1
6/6/2011,1
7/6/2011,1
8/6/2011,1
9/6/2011,1
10/6/2011,1
11/6/2011,1
12/6/2011,1
13/6/2011,1
14/6/2011,1
15/6/2011,1
16/6/2011,1
17/6/2011,1
18/6/2011,1
19/6/2011,1
20/6/2011,1
21/6/2011,1
22/6/2011,1
23/6/2011,1
24/6/2011,1
25/6/2011,1
26/6/2011,1
27/6/2011,1
28/6/2011,1
29/6/2011,1
30/6/2011,1
1/7/2011,1
2/7/2011,1
3/7/2011,1
4/7/2011,1
5/7/2011,1
6/7/2011,1
7/7/2011,1
8/7/2011,1
9/7/2011,1
10/7/2011,1
11/7/2011,1
12/7/2011,1
13/7/2011,1
14/7/2011,1
15/7/2011,1
16/7/2011,1
17/7/2011,1
18/7/2011,1
19/7/2011,1
20/7/2011,1
21/7/2011,1
22/7/2011,1
23/7/2011,1
24/7/2011,1
25/7/2011,1
26/7/2011,1
27/7/2011,1
28/7/2011,1
29/7/2011,1
30/7/2011,1
31/7/2011,1
1/8/2011,1
2/8/2011,0
3/8/2011,0
4/8/2011,0
5/8/2011,0
6/8/2011,0
7/8/2011,0
8/8/2011,0
9/8/2011,0
10/8/2011,0
11/8/2011,0
12/8/2011,0
13/8/2011,0
14/8/2011,0
15/8/2011,0
16/8/2011,1
17/8/2011,1
18/8/2011,1
19/8/2011,1
20/8/2011,1
21/8/2011,1
22/8/2011,1
23/8/2011,1
24/8/2011,1
25/8/2011,1
26/8/2011,1
27/8/2011,1
28/8/2011,1
29/8/2011,1
30/8/2011,1
31/8/2011,1
1/9/2011,1
2/9/2011,1
3/9/2011,1
4/9/2011,1
5/9/2011,1
6/9/2011,1
7/9/2011,1
8/9/2011,1
9/9/2011,1
10/9/2011,1
11/9/2011,1
12/9/2011,1
13/9/2011,1
14/9/2011,1
15/9/2011,1
16/9/2011,1
17/9/2011,1
18/9/2011,1
19/9/2011,1
20/9/2011,1
21/9/2011,1
22/9/2011,1
23/9/2011,1
24/9/2011,1
25/9/2011,1
26/9/2011,1
27/9/2011,1
28/9/2011,1
29/9/2011,1
30/9/2011,1
1/10/2011,1
2/10/2011,1
3/10/2011,1
4/10/2011,1
5/10/2011,1
6/10/2011,1
7/10/2011,1
8/10/2011,1
9/10/2011,1
10/10/2011,1
11/10/2011,1
12/10/2011,1
13/10/2011,1
14/10/2011,1
15/10/2011,1
16/10/2011,1
17/10/2011,1
18/10/2011,1
19/10/2011,1
20/10/2011,1
21/10/2011,1
22/10/2011,1
23/10/2011,1
24/10/2011,1
25/10/2011,1
26/10/2011,1
27/10/2011,1
28/10/2011,1
29/10/2011,1
30/10/2011,1
31/10/2011,1
1/11/2011,1
2/11/2011,1
3/11/2011,1
4/11/2011,1
5/11/2011,1
6/11/2011,1
7/11/2011,1
8/11/2011,1
9/11/2011,1
10/11/2011,1
11/11/2011,1
12/11/2011,1
13/11/2011,1
14/11/2011,1
15/11/2011,1
16/11/2011,1
17/11/2011,1
18/11/2011,1
19/11/2011,1
20/11/2011,1
21/11/2011,1
22/11/2011,1
23/11/2011,1
24/11/2011,1
25/11/2011,1
26/11/2011,1
27/11/2011,1
28/11/2011,1
29/11/2011,1
30/11/2011,1
1/12/2011,1
2/12/2011,1
3/12/2011,1
4/12/2011,1
5/12/2011,1
6/12/2011,1
7/12/2011,1
8/12/2011,1
9/12/2011,1
10/12/2011,1
11/12/2011,1
12/12/2011,1
13/12/2011,1
14/12/2011,1
15/12/2011,1
16/12/2011,1
17/12/2011,1
18/12/2011,1
19/12/2011,1
20/12/2011,1
21/12/2011,1
22/12/2011,1
23/12/2011,1
24/12/2011,1
25/12/2011,1
26/12/2011,1
27/12/2011,1
28/12/2011,1
29/12/2011,1
30/12/2011,1
31/12/2011,1
1/1/2012,1
2/1/2012,1
3/1/2012,1
4/1/2012,1
5/1/2012,1
6/1/2012,1
7/1/2012,1
8/1/2012,1
9/1/2012,1
10/1/2012,1
11/1/2012,1
12/1/2012,1
13/1/2012,0
14/1/2012,0
15/1/2012,0
16/1/2012,0
17/1/2012,0
18/1/2012,0
19/1/2012,0
20/1/2012,0
21/1/2012,0
22/1/2012,0
23/1/2012,0
24/1/2012,0
25/1/2012,0
26/1/2012,0
27/1/2012,0
28/1/2012,0
29/1/2012,0
30/1/2012,0
31/1/2012,0
1/2/2012,0
2/2/2012,0
3/2/2012,0
4/2/2012,0
5/2/2012,0
6/2/2012,0
7/2/2012,0
8/2/2012,0
9/2/2012,0
10/2/2012,1
11/2/2012,1
12/2/2012,1
13/2/2012,1
14/2/2012,0
15/2/2012,0
16/2/2012,0
17/2/2012,0
18/2/2012,0
19/2/2012,0
20/2/2012,0
21/2/2012,0
22/2/2012,0
23/2/2012,0
24/2/2012,0
25/2/2012,0
26/2/2012,0
27/2/2012,0
28/2/2012,0
29/2/2012,0
1/3/2012,0
2/3/2012,0
3/3/2012,0
4/3/2012,0
5/3/2012,0
6/3/2012,0
7/3/2012,0
8/3/2012,0
9/3/2012,0
10/3/2012,0
11/3/2012,0
12/3/2012,0
13/3/2012,0
14/3/2012,0
15/3/2012,0
16/3/2012,0
17/3/2012,0
18/3/2012,0
19/3/2012,0
20/3/2012,1
21/3/2012,1
22/3/2012,1
23/3/2012,1
24/3/2012,1
25/3/2012,1
26/3/2012,1
27/3/2012,1
28/3/2012,1
29/3/2012,1
30/3/2012,1
31/3/2012,1
1/4/2012,1
2/4/2012,1
3/4/2012,1
4/4/2012,1
5/4/2012,1
6/4/2012,1
7/4/2012,1
8/4/2012,1
9/4/2012,1
10/4/2012,1
11/4/2012,1
12/4/2012,1
13/4/2012,1
14/4/2012,1
15/4/2012,1
16/4/2012,1
17/4/2012,1
18/4/2012,1
19/4/2012,1
20/4/2012,1
21/4/2012,1
22/4/2012,1
23/4/2012,1
24/4/2012,1
25/4/2012,1
26/4/2012,1
27/4/2012,1
28/4/2012,1
29/4/2012,1
30/4/2012,1
1/5/2012,1
2/5/2012,1
3/5/2012,1
4/5/2012,1
5/5/2012,1
6/5/2012,1
7/5/2012,1
8/5/2012,1
9/5/2012,1
10/5/2012,1
11/5/2012,1
12/5/2012,1
13/5/2012,1
14/5/2012,1
15/5/2012,1
16/5/2012,1
17/5/2012,1
18/5/2012,1
19/5/2012,1
20/5/2012,1
21/5/2012,1
22/5/2012,1
23/5/2012,1
24/5/2012,1
25/5/2012,1
26/5/2012,1
27/5/2012,1
28/5/2012,1
29/5/2012,1
30/5/2012,1
31/5/2012,1
1/6/2012,1
2/6/2012,1
3/6/2012,1
4/6/2012,1
5/6/2012,1
6/6/2012,1
7/6/2012,1
8/6/2012,1
9/6/2012,1
10/6/2012,1
11/6/2012,1
12/6/2012,1
13/6/2012,1
14/6/2012,1
15/6/2012,1
16/6/2012,1
17/6/2012,1
18/6/2012,1
19/6/2012,1
20/6/2012,1
21/6/2012,1
22/6/2012,1
23/6/2012,1
24/6/2012,1
25/6/2012,1
26/6/2012,1
27/6/2012,1
28/6/2012,1
29/6/2012,1
30/6/2012,1
1/7/2012,1
2/7/2012,1
3/7/2012,1
4/7/2012,1
5/7/2012,1
6/7/2012,1
7/7/2012,1
8/7/2012,1
9/7/2012,1
10/7/2012,1
11/7/2012,1
12/7/2012,1
13/7/2012,1
14/7/2012,1
15/7/2012,1
16/7/2012,1
17/7/2012,1
18/7/2012,1
19/7/2012,1
20/7/2012,1
21/7/2012,1
22/7/2012,1
23/7/2012,1
24/7/2012,1
25/7/2012,1
26/7/2012,1
27/7/2012,1
28/7/2012,1
29/7/2012,1
30/7/2012,1
31/7/2012,1
1/8/2012,1
2/8/2012,1
3/8/2012,1
4/8/2012,1
5/8/2012,1
6/8/2012,1
7/8/2012,1
8/8/2012,0
9/8/2012,0
10/8/2012,0
11/8/2012,0
12/8/2012,0
13/8/2012,0
14/8/2012,0
15/8/2012,0
16/8/2012,0
17/8/2012,0
18/8/2012,0
19/8/2012,0
20/8/2012,0
21/8/2012,0
22/8/2012,0
23/8/2012,0
24/8/2012,0
25/8/2012,0
26/8/2012,0
27/8/2012,0
28/8/2012,0
29/8/2012,0
30/8/2012,0
31/8/2012,0
1/9/2012,0
2/9/2012,0
3/9/2012,0
4/9/2012,0
5/9/2012,0
6/9/2012,0
7/9/2012,0
8/9/2012,0
9/9/2012,0
10/9/2012,0
11/9/2012,0
12/9/2012,1
13/9/2012,1
14/9/2012,1
15/9/2012,1
16/9/2012,1
17/9/2012,1
18/9/2012,1
19/9/2012,1
20/9/2012,1
21/9/2012,1
22/9/2012,1
23/9/2012,1
24/9/2012,0
25/9/2012,0
26/9/2012,0
27/9/2012,0
28/9/2012,0
29/9/2012,0
30/9/2012,0
1/10/2012,0
2/10/2012,0
3/10/2012,0
4/10/2012,0
5/10/2012,0
6/10/2012,1
7/10/2012,1
8/10/2012,1
9/10/2012,1
10/10/2012,1
11/10/2012,1
12/10/2012,1
13/10/2012,1
14/10/2012,1
15/10/2012,1
16/10/2012,1
17/10/2012,1
18/10/2012,1
19/10/2012,1
20/10/2012,1
21/10/2012,1
22/10/2012,1
23/10/2012,1
24/10/2012,1
25/10/2012,1
26/10/2012,1
27/10/2012,1
28/10/2012,1
29/10/2012,0
30/10/2012,0
31/10/2012,0
1/11/2012,0
2/11/2012,0
3/11/2012,0
4/11/2012,0
5/11/2012,0
6/11/2012,0
7/11/2012,0
8/11/2012,0
9/11/2012,0
10/11/2012,0
11/11/2012,0
12/11/2012,0
13/11/2012,0
14/11/2012,0
15/11/2012,0
16/11/2012,0
17/11/2012,0
18/11/2012,0
19/11/2012,0
20/11/2012,0
21/11/2012,0
22/11/2012,0
23/11/2012,0
24/11/2012,0
25/11/2012,0
26/11/2012,0
27/11/2012,0
28/11/2012,0
29/11/2012,0
30/11/2012,0
1/12/2012,0
2/12/2012,0
3/12/2012,0
4/12/2012,0
5/12/2012,0
6/12/2012,0
7/12/2012,0
8/12/2012,0
9/12/2012,0
10/12/2012,0
11/12/2012,0
12/12/2012,0
13/12/2012,0
14/12/2012,0
15/12/2012,0
16/12/2012,0
17/12/2012,0
18/12/2012,0
19/12/2012,0
20/12/2012,0
21/12/2012,0
22/12/2012,0
23/12/2012,0
24/12/2012,0
25/12/2012,0
26/12/2012,0
27/12/2012,0
28/12/2012,0
29/12/2012,0
30/12/2012,0
31/12/2012,0
1/1/2013,0
2/1/2013,0
3/1/2013,0
4/1/2013,0
5/1/2013,0
6/1/2013,0
7/1/2013,0
8/1/2013,0
9/1/2013,0
10/1/2013,0
11/1/2013,0
12/1/2013,0
13/1/2013,0
14/1/2013,0
15/1/2013,0
16/1/2013,0
17/1/2013,0
18/1/2013,0
19/1/2013,0
20/1/2013,0
21/1/2013,0
22/1/2013,0
23/1/2013,0
24/1/2013,0
25/1/2013,0
26/1/2013,0
27/1/2013,0
28/1/2013,0
29/1/2013,0
30/1/2013,0
31/1/2013,0
1/2/2013,0
2/2/2013,0
3/2/2013,0
4/2/2013,0
5/2/2013,0
6/2/2013,0
7/2/2013,0
8/2/2013,0
9/2/2013,0
10/2/2013,0
11/2/2013,0
12/2/2013,0
13/2/2013,0
14/2/2013,0
15/2/2013,0
16/2/2013,0
17/2/2013,0
18/2/2013,0
19/2/2013,0
20/2/2013,0
21/2/2013,0
22/2/2013,0
23/2/2013,0
24/2/2013,0
25/2/2013,0
26/2/2013,0
27/2/2013,0
28/2/2013,0
1/3/2013,0
2/3/2013,0
3/3/2013,0
4/3/2013,0
5/3/2013,0
6/3/2013,0
7/3/2013,0
8/3/2013,0
9/3/2013,0
10/3/2013,0
11/3/2013,0
12/3/2013,0
13/3/2013,0
14/3/2013,0
15/3/2013,0
16/3/2013,0
17/3/2013,0
18/3/2013,0
19/3/2013,0
20/3/2013,0
21/3/2013,0
22/3/2013,0
23/3/2013,0
24/3/2013,0
25/3/2013,0
26/3/2013,0
27/3/2013,0
28/3/2013,1
29/3/2013,1
30/3/2013,1
31/3/2013,1
1/4/2013,1
2/4/2013,1
3/4/2013,1
4/4/2013,1
5/4/2013,1
6/4/2013,1
7/4/2013,1
8/4/2013,1
9/4/2013,1
10/4/2013,1
11/4/2013,1
12/4/2013,1
13/4/2013,1
14/4/2013,1
15/4/2013,1
16/4/2013,1
17/4/2013,1
18/4/2013,1
19/4/2013,1
20/4/2013,1
21/4/2013,1
22/4/2013,1
23/4/2013,1
24/4/2013,1
25/4/2013,1
26/4/2013,1
27/4/2013,1
28/4/2013,1
29/4/2013,1
30/4/2013,1
1/5/2013,1
2/5/2013,1
3/5/2013,1
4/5/2013,1
5/5/2013,1
6/5/2013,1
7/5/2013,1
8/5/2013,1
9/5/2013,1
10/5/2013,1
11/5/2013,1
12/5/2013,1
13/5/2013,1
14/5/2013,1
15/5/2013,1
16/5/2013,1
17/5/2013,1
18/5/2013,1
19/5/2013,1
20/5/2013,1
21/5/2013,1
22/5/2013,1
23/5/2013,1
24/5/2013,1
25/5/2013,1
26/5/2013,1
27/5/2013,1
28/5/2013,1
29/5/2013,1
30/5/2013,1
31/5/2013,1
1/6/2013,1
2/6/2013,1
3/6/2013,1
4/6/2013,1
5/6/2013,1
6/6/2013,1
7/6/2013,0
8/6/2013,0
9/6/2013,0
10/6/2013,0
11/6/2013,1
12/6/2013,1
13/6/2013,1
14/6/2013,1
15/6/2013,1
16/6/2013,1
17/6/2013,1
18/6/2013,1
19/6/2013,1
20/6/2013,1
21/6/2013,1
22/6/2013,1
23/6/2013,1
24/6/2013,1
25/6/2013,1
26/6/2013,1
27/6/2013,1
28/6/2013,1
29/6/2013,1
30/6/2013,1
1/7/2013,1
2/7/2013,1
3/7/2013,1
4/7/2013,1
5/7/2013,1
6/7/2013,1
7/7/2013,1
8/7/2013,1
9/7/2013,1
10/7/2013,1
11/7/2013,1
12/7/2013,1
13/7/2013,1
14/7/2013,1
15/7/2013,1
16/7/2013,1
17/7/2013,1
18/7/2013,1
19/7/2013,1
20/7/2013,1
21/7/2013,1
22/7/2013,1
23/7/2013,1
24/7/2013,1
25/7/2013,1
26/7/2013,1
27/7/2013,1
28/7/2013,1
29/7/2013,1
30/7/2013,1
31/7/2013,1
1/8/2013,1
2/8/2013,1
3/8/2013,1
4/8/2013,1
5/8/2013,1
6/8/2013,1
7/8/2013,1
8/8/2013,1
9/8/2013,1
10/8/2013,1
11/8/2013,1
12/8/2013,1
13/8/2013,1
14/8/2013,1
15/8/2013,1
16/8/2013,1
17/8/2013,1
18/8/2013,1
19/8/2013,1
20/8/2013,1
21/8/2013,1
22/8/2013,1
23/8/2013,1
24/8/2013,1
25/8/2013,1
26/8/2013,1
27/8/2013,1
28/8/2013,1
29/8/2013,1
30/8/2013,1
31/8/2013,1
1/9/2013,1
2/9/2013,1
3/9/2013,1
4/9/2013,1
5/9/2013,1
6/9/2013,1
7/9/2013,1
8/9/2013,1
9/9/2013,1
10/9/2013,1
11/9/2013,1
12/9/2013,1
13/9/2013,0
14/9/2013,0
15/9/2013,0
16/9/2013,0
17/9/2013,0
18/9/2013,0
19/9/2013,0
20/9/2013,0
21/9/2013,0
22/9/2013,0
23/9/2013,0
24/9/2013,0
25/9/2013,0
26/9/2013,0
27/9/2013,0
28/9/2013,0
29/9/2013,0
30/9/2013,0
1/10/2013,0
2/10/2013,0
3/10/2013,0
4/10/2013,0
5/10/2013,0
6/10/2013,0
7/10/2013,0
8/10/2013,1
9/10/2013,1
10/10/2013,1
11/10/2013,1
12/10/2013,1
13/10/2013,1
14/10/2013,1
15/10/2013,1
16/10/2013,1
17/10/2013,1
18/10/2013,1
19/10/2013,1
20/10/2013,1
21/10/2013,1
22/10/2013,1
23/10/2013,1
24/10/2013,1
25/10/2013,1
26/10/2013,1
27/10/2013,1
28/10/2013,1
29/10/2013,1
30/10/2013,1
31/10/2013,1
1/11/2013,1
2/11/2013,1
3/11/2013,1
4/11/2013,1
5/11/2013,1
6/11/2013,1
7/11/2013,1
8/11/2013,1
9/11/2013,1
10/11/2013,1
11/11/2013,1
12/11/2013,1
13/11/2013,1
14/11/2013,1
15/11/2013,1
16/11/2013,1
17/11/2013,1
18/11/2013,1
19/11/2013,1
20/11/2013,1
21/11/2013,1
22/11/2013,1
23/11/2013,1
24/11/2013,1
25/11/2013,1
26/11/2013,1
27/11/2013,1
28/11/2013,1
29/11/2013,1
30/11/2013,1
1/12/2013,1
2/12/2013,1
3/12/2013,1
4/12/2013,1
5/12/2013,1
6/12/2013,1
7/12/2013,1
8/12/2013,1
9/12/2013,1
10/12/2013,1
11/12/2013,1
12/12/2013,1
13/12/2013,1
14/12/2013,1
15/12/2013,1
16/12/2013,1
17/12/2013,1
18/12/2013,1
19/12/2013,1
20/12/2013,1
21/12/2013,1
22/12/2013,1
23/12/2013,1
24/12/2013,1
25/12/2013,1
26/12/2013,1
27/12/2013,1
28/12/2013,1
29/12/2013,1
30/12/2013,1
31/12/2013,1
1/1/2014,1
2/1/2014,1
3/1/2014,1
4/1/2014,1
5/1/2014,1
6/1/2014,1
7/1/2014,1
8/1/2014,1
9/1/2014,1
10/1/2014,1
11/1/2014,1
12/1/2014,1
13/1/2014,1
14/1/2014,1
15/1/2014,1
16/1/2014,1
17/1/2014,1
18/1/2014,1
19/1/2014,1
20/1/2014,1
21/1/2014,1
22/1/2014,0
23/1/2014,0
24/1/2014,0
25/1/2014,0
26/1/2014,0
27/1/2014,0
28/1/2014,0
29/1/2014,0
30/1/2014,0
31/1/2014,0
1/2/2014,0
2/2/2014,0
3/2/2014,0
4/2/2014,0
5/2/2014,0
6/2/2014,0
7/2/2014,0
8/2/2014,0
9/2/2014,0
10/2/2014,0
11/2/2014,0
12/2/2014,0
13/2/2014,0
14/2/2014,0
15/2/2014,0
16/2/2014,0
17/2/2014,0
18/2/2014,0
19/2/2014,0
20/2/2014,0
21/2/2014,0
22/2/2014,0
23/2/2014,0
24/2/2014,0
25/2/2014,0
26/2/2014,0
27/2/2014,0
28/2/2014,0
1/3/2014,0
2/3/2014,0
3/3/2014,0
4/3/2014,0
5/3/2014,0
6/3/2014,0
7/3/2014,0
8/3/2014,0
9/3/2014,0
10/3/2014,0
11/3/2014,0
12/3/2014,0
13/3/2014,0
14/3/2014,0
15/3/2014,0
16/3/2014,0
17/3/2014,0
18/3/2014,0
19/3/2014,0
20/3/2014,0
21/3/2014,0
22/3/2014,0
23/3/2014,0
24/3/2014,0
25/3/2014,0
26/3/2014,0
27/3/2014,0
28/3/2014,0
29/3/2014,0
30/3/2014,0
31/3/2014,0
1/4/2014,0
2/4/2014,0
3/4/2014,0
4/4/2014,0
5/4/2014,1
6/4/2014,1
7/4/2014,1
8/4/2014,1
9/4/2014,1
10/4/2014,1
11/4/2014,1
12/4/2014,1
13/4/2014,1
14/4/2014,1
15/4/2014,1
16/4/2014,1
17/4/2014,1
18/4/2014,1
19/4/2014,1
20/4/2014,1
21/4/2014,1
22/4/2014,1
23/4/2014,1
24/4/2014,1
25/4/2014,1
26/4/2014,1
27/4/2014,1
28/4/2014,1
29/4/2014,1
30/4/2014,1
1/5/2014,1
2/5/2014,1
3/5/2014,1
4/5/2014,1
5/5/2014,1
6/5/2014,1
7/5/2014,1
8/5/2014,1
9/5/2014,1
10/5/2014,1
11/5/2014,1
12/5/2014,1
13/5/2014,1
14/5/2014,1
15/5/2014,1
16/5/2014,1
17/5/2014,1
18/5/2014,1
19/5/2014,1
20/5/2014,1
21/5/2014,1
22/5/2014,1
23/5/2014,1
24/5/2014,1
25/5/2014,1
26/5/2014,1
27/5/2014,1
28/5/2014,1
29/5/2014,1
30/5/2014,1
31/5/2014,1
1/6/2014,1
2/6/2014,1
3/6/2014,1
4/6/2014,1
5/6/2014,1
6/6/2014,1
7/6/2014,1
8/6/2014,1
9/6/2014,1
10/6/2014,1
11/6/2014,1
12/6/2014,1
13/6/2014,1
14/6/2014,1
15/6/2014,1
16/6/2014,1
17/6/2014,1
18/6/2014,1
19/6/2014,1
20/6/2014,1
21/6/2014,1
22/6/2014,1
23/6/2014,1
24/6/2014,1
25/6/2014,1
26/6/2014,1
27/6/2014,1
28/6/2014,1
29/6/2014,1
30/6/2014,1
1/7/2014,1
2/7/2014,1
3/7/2014,1
4/7/2014,1
5/7/2014,1
6/7/2014,1
7/7/2014,1
8/7/2014,1
9/7/2014,1
10/7/2014,1
11/7/2014,1
12/7/2014,1
13/7/2014,1
14/7/2014,1
15/7/2014,1
16/7/2014,0
17/7/2014,0
18/7/2014,0
19/7/2014,0
20/7/2014,0
21/7/2014,0
22/7/2014,0
23/7/2014,0
24/7/2014,0
25/7/2014,0
26/7/2014,0
27/7/2014,0
28/7/2014,0
29/7/2014,0
30/7/2014,0
31/7/2014,0
1/8/2014,0
2/8/2014,0
3/8/2014,0
4/8/2014,1
5/8/2014,1
6/8/2014,1
7/8/2014,1
8/8/2014,1
9/8/2014,1
10/8/2014,1
11/8/2014,1
12/8/2014,1
13/8/2014,1
14/8/2014,1
15/8/2014,1
16/8/2014,1
17/8/2014,1
18/8/2014,1
19/8/2014,1
20/8/2014,1
21/8/2014,1
22/8/2014,1
23/8/2014,1
24/8/2014,1
25/8/2014,1
26/8/2014,1
27/8/2014,1
28/8/2014,1
29/8/2014,1
30/8/2014,1
31/8/2014,1
1/9/2014,1
2/9/2014,1
3/9/2014,1
4/9/2014,1
5/9/2014,1
6/9/2014,1
7/9/2014,1
8/9/2014,1
9/9/2014,1
10/9/2014,1
11/9/2014,1
12/9/2014,1
13/9/2014,1
14/9/2014,1
15/9/2014,1
16/9/2014,1
17/9/2014,1
18/9/2014,1
19/9/2014,1
20/9/2014,1
21/9/2014,1
22/9/2014,1
23/9/2014,1
24/9/2014,1
25/9/2014,1
26/9/2014,1
27/9/2014,1
28/9/2014,1
29/9/2014,1
30/9/2014,1
1/10/2014,1
2/10/2014,1
3/10/2014,1
4/10/2014,1
5/10/2014,1
6/10/2014,1
7/10/2014,1
8/10/2014,1
9/10/2014,1
10/10/2014,1
11/10/2014,1
12/10/2014,1
13/10/2014,1
14/10/2014,1
15/10/2014,1
16/10/2014,1
17/10/2014,1
18/10/2014,1
19/10/2014,1
20/10/2014,1
21/10/2014,1
22/10/2014,1
23/10/2014,1
24/10/2014,1
25/10/2014,1
26/10/2014,1
27/10/2014,1
28/10/2014,1
29/10/2014,1
30/10/2014,1
31/10/2014,1
1/11/2014,1
2/11/2014,1
3/11/2014,1
4/11/2014,1
5/11/2014,0
6/11/2014,0
7/11/2014,0
8/11/2014,0
9/11/2014,0
10/11/2014,0
11/11/2014,0
12/11/2014,0
13/11/2014,0
14/11/2014,0
15/11/2014,0
16/11/2014,0
17/11/2014,0
18/11/2014,0
19/11/2014,0
20/11/2014,0
21/11/2014,0
22/11/2014,0
23/11/2014,0
24/11/2014,0
25/11/2014,0
26/11/2014,0
27/11/2014,0
28/11/2014,0
29/11/2014,0
30/11/2014,0
1/12/2014,0
2/12/2014,0
3/12/2014,0
4/12/2014,0
5/12/2014,0
6/12/2014,0
7/12/2014,0
8/12/2014,0
9/12/2014,0
10/12/2014,0
11/12/2014,0
12/12/2014,0
13/12/2014,0
14/12/2014,0
15/12/2014,0
16/12/2014,0
17/12/2014,0
18/12/2014,0
19/12/2014,0
20/12/2014,0
21/12/2014,0
22/12/2014,0
23/12/2014,0
24/12/2014,0
25/12/2014,0
26/12/2014,0
27/12/2014,0
28/12/2014,0
29/12/2014,0
30/12/2014,0
31/12/2014,0
1/1/2015,0
2/1/2015,0
3/1/2015,0
4/1/2015,0
5/1/2015,0
6/1/2015,0
7/1/2015,0
8/1/2015,0
9/1/2015,0
10/1/2015,0
11/1/2015,0
12/1/2015,0
13/1/2015,0
14/1/2015,0
15/1/2015,0
16/1/2015,0
17/1/2015,0
18/1/2015,0
19/1/2015,0
20/1/2015,0
21/1/2015,0
22/1/2015,0
23/1/2015,0
24/1/2015,0
25/1/2015,0
26/1/2015,0
27/1/2015,0
28/1/2015,0
29/1/2015,0
30/1/2015,0
31/1/2015,0
1/2/2015,0
2/2/2015,0
3/2/2015,0
4/2/2015,0
5/2/2015,0
6/2/2015,0
7/2/2015,0
8/2/2015,0
9/2/2015,0
10/2/2015,0
11/2/2015,0
12/2/2015,0
13/2/2015,0
14/2/2015,0
15/2/2015,0
16/2/2015,0
17/2/2015,0
18/2/2015,0
19/2/2015,0
20/2/2015,0
21/2/2015,0
22/2/2015,0
23/2/2015,0
24/2/2015,0
25/2/2015,0
26/2/2015,0
27/2/2015,0
28/2/2015,0
1/3/2015,0
2/3/2015,0
3/3/2015,0
4/3/2015,0
5/3/2015,0
6/3/2015,0
7/3/2015,0
8/3/2015,0
9/3/2015,0
10/3/2015,0
11/3/2015,0
12/3/2015,0
13/3/2015,0
14/3/2015,0
15/3/2015,0
16/3/2015,0
17/3/2015,0
18/3/2015,0
19/3/2015,0
20/3/2015,0
21/3/2015,0
22/3/2015,0
23/3/2015,0
24/3/2015,0
25/3/2015,0
26/3/2015,0
27/3/2015,0
28/3/2015,0
29/3/2015,0
30/3/2015,0
31/3/2015,0
1/4/2015,0
2/4/2015,0
3/4/2015,0
4/4/2015,0
5/4/2015,0
6/4/2015,1
7/4/2015,1
8/4/2015,1
9/4/2015,1
10/4/2015,1
11/4/2015,1
12/4/2015,1
13/4/2015,1
14/4/2015,1
15/4/2015,1
16/4/2015,1
17/4/2015,1
18/4/2015,1
19/4/2015,1
20/4/2015,1
21/4/2015,1
22/4/2015,1
23/4/2015,1
24/4/2015,1
25/4/2015,1
26/4/2015,1
27/4/2015,1
28/4/2015,1
29/4/2015,1
30/4/2015,1
1/5/2015,1
2/5/2015,1
3/5/2015,1
4/5/2015,1
5/5/2015,1
6/5/2015,1
7/5/2015,1
8/5/2015,1
9/5/2015,1
10/5/2015,1
11/5/2015,1
12/5/2015,1
13/5/2015,1
14/5/2015,1
15/5/2015,1
16/5/2015,1
17/5/2015,1
18/5/2015,1
19/5/2015,1
20/5/2015,1
21/5/2015,1
22/5/2015,1
23/5/2015,1
24/5/2015,1
25/5/2015,1
26/5/2015,1
27/5/2015,1
28/5/2015,1
29/5/2015,1
30/5/2015,1
31/5/2015,1
1/6/2015,1
2/6/2015,1
3/6/2015,1
4/6/2015,1
5/6/2015,1
6/6/2015,1
7/6/2015,1
8/6/2015,1
9/6/2015,1
10/6/2015,1
11/6/2015,1
12/6/2015,1
13/6/2015,1
14/6/2015,1
15/6/2015,1
16/6/2015,1
17/6/2015,1
18/6/2015,1
19/6/2015,1
20/6/2015,1
21/6/2015,1
22/6/2015,1
23/6/2015,1
24/6/2015,1
25/6/2015,1
26/6/2015,1
27/6/2015,1
28/6/2015,1
29/6/2015,1
30/6/2015,1
1/7/2015,1
2/7/2015,1
3/7/2015,1
4/7/2015,1
5/7/2015,1
6/7/2015,1
7/7/2015,1
8/7/2015,1
9/7/2015,1
10/7/2015,1
11/7/2015,1
12/7/2015,1
13/7/2015,1
14/7/2015,1
15/7/2015,1
16/7/2015,1
17/7/2015,1
18/7/2015,1
19/7/2015,1
20/7/2015,1
21/7/2015,1
22/7/2015,1
23/7/2015,1
24/7/2015,1
25/7/2015,1
26/7/2015,1
27/7/2015,1
28/7/2015,1
29/7/2015,1
30/7/2015,1
31/7/2015,1
1/8/2015,1
2/8/2015,1
3/8/2015,1
4/8/2015,1
5/8/2015,1
6/8/2015,1
7/8/2015,1
8/8/2015,1
9/8/2015,1
10/8/2015,1
11/8/2015,1
12/8/2015,1
13/8/2015,1
14/8/2015,1
15/8/2015,1
16/8/2015,1
17/8/2015,1
18/8/2015,1
19/8/2015,1
20/8/2015,1
21/8/2015,1
22/8/2015,1
23/8/2015,1
24/8/2015,1
25/8/2015,1
26/8/2015,1
27/8/2015,1
28/8/2015,1
29/8/2015,1
30/8/2015,1
31/8/2015,1
1/9/2015,1
2/9/2015,1
3/9/2015,1
4/9/2015,1
5/9/2015,1
6/9/2015,1
7/9/2015,1
8/9/2015,1
9/9/2015,1
10/9/2015,1
11/9/2015,1
12/9/2015,0
13/9/2015,0
14/9/2015,0
15/9/2015,0
16/9/2015,0
17/9/2015,0
18/9/2015,0
19/9/2015,0
20/9/2015,0
21/9/2015,1
22/9/2015,1
23/9/2015,1
24/9/2015,1
25/9/2015,1
26/9/2015,1
27/9/2015,1
28/9/2015,1
29/9/2015,1
30/9/2015,1
1/10/2015,1
2/10/2015,1
3/10/2015,1
4/10/2015,1
5/10/2015,1
6/10/2015,1
7/10/2015,1
8/10/2015,1
9/10/2015,1
10/10/2015,1
11/10/2015,1
12/10/2015,1
13/10/2015,1
14/10/2015,1
15/10/2015,1
16/10/2015,1
17/10/2015,1
18/10/2015,1
19/10/2015,1
20/10/2015,1
21/10/2015,1
22/10/2015,1
23/10/2015,1
24/10/2015,1
25/10/2015,1
26/10/2015,1
27/10/2015,1
28/10/2015,1
29/10/2015,1
30/10/2015,1
31/10/2015,1
1/11/2015,1
2/11/2015,1
3/11/2015,1
4/11/2015,1
5/11/2015,1
6/11/2015,1
7/11/2015,1
8/11/2015,1
9/11/2015,1
10/11/2015,1
11/11/2015,1
12/11/2015,1
13/11/2015,1
14/11/2015,1
15/11/2015,1
16/11/2015,1
17/11/2015,1
18/11/2015,1
19/11/2015,1
20/11/2015,1
21/11/2015,1
22/11/2015,1
23/11/2015,1
24/11/2015,1
25/11/2015,1
26/11/2015,1
27/11/2015,1
28/11/2015,1
29/11/2015,1
30/11/2015,1
1/12/2015,1
2/12/2015,1
3/12/2015,1
4/12/2015,1
5/12/2015,1
6/12/2015,1
7/12/2015,1
8/12/2015,1
9/12/2015,1
10/12/2015,1
11/12/2015,1
12/12/2015,1
13/12/2015,0
14/12/2015,0
15/12/2015,0
16/12/2015,0
17/12/2015,0
18/12/2015,0
19/12/2015,0
20/12/2015,0
21/12/2015,0
22/12/2015,0
23/12/2015,0
24/12/2015,0
25/12/2015,0
26/12/2015,0
27/12/2015,0
28/12/2015,0
29/12/2015,0
30/12/2015,0
31/12/2015,0
1/1/2016,0
2/1/2016,0
3/1/2016,0
4/1/2016,0
5/1/2016,0
6/1/2016,0
7/1/2016,0
8/1/2016,0
9/1/2016,0
10/1/2016,0
11/1/2016,0
12/1/2016,0
13/1/2016,0
14/1/2016,0
15/1/2016,0
16/1/2016,0
17/1/2016,0
18/1/2016,0
19/1/2016,0
20/1/2016,0
21/1/2016,0
22/1/2016,0
23/1/2016,0
24/1/2016,0
25/1/2016,0
26/1/2016,0
27/1/2016,0
28/1/2016,0
29/1/2016,0
30/1/2016,0
31/1/2016,0
1/2/2016,0
2/2/2016,0
3/2/2016,0
4/2/2016,0
5/2/2016,0
6/2/2016,0
7/2/2016,0
8/2/2016,0
9/2/2016,0
10/2/2016,0
11/2/2016,0
12/2/2016,0
13/2/2016,0
14/2/2016,0
15/2/2016,0
16/2/2016,0
17/2/2016,0
18/2/2016,0
19/2/2016,0
20/2/2016,0
21/2/2016,0
22/2/2016,0
23/2/2016,0
24/2/2016,0
25/2/2016,0
26/2/2016,0
27/2/2016,0
28/2/2016,0
29/2/2016,0
1/3/2016,0
2/3/2016,0
3/3/2016,0
4/3/2016,0
5/3/2016,0
6/3/2016,0
7/3/2016,0
8/3/2016,0
9/3/2016,0
10/3/2016,0
11/3/2016,0
12/3/2016,0
13/3/2016,0
14/3/2016,0
15/3/2016,0
16/3/2016,0
17/3/2016,0
18/3/2016,0
19/3/2016,0
20/3/2016,0
21/3/2016,0
22/3/2016,0
23/3/2016,0
24/3/2016,0
25/3/2016,0
26/3/2016,1
27/3/2016,1
28/3/2016,1
29/3/2016,1
30/3/2016,1
31/3/2016,1
1/4/2016,1
2/4/2016,1
3/4/2016,1
4/4/2016,1
5/4/2016,1
6/4/2016,1
7/4/2016,1
8/4/2016,1
9/4/2016,1
10/4/2016,1
11/4/2016,1
12/4/2016,1
13/4/2016,1
14/4/2016,1
15/4/2016,1
16/4/2016,1
17/4/2016,1
18/4/2016,1
19/4/2016,1
20/4/2016,1
21/4/2016,1
22/4/2016,1
23/4/2016,1
24/4/2016,1
25/4/2016,1
26/4/2016,1
27/4/2016,1
28/4/2016,1
29/4/2016,1
30/4/2016,1
1/5/2016,1
2/5/2016,1
3/5/2016,1
4/5/2016,1
5/5/2016,1
6/5/2016,1
7/5/2016,1
8/5/2016,1
9/5/2016,1
10/5/2016,1
11/5/2016,1
12/5/2016,1
13/5/2016,1
14/5/2016,1
15/5/2016,1
16/5/2016,1
17/5/2016,1
18/5/2016,1
19/5/2016,1
20/5/2016,1
21/5/2016,1
22/5/2016,1
23/5/2016,1
24/5/2016,1
25/5/2016,1
26/5/2016,1
27/5/2016,1
28/5/2016,1
29/5/2016,1
30/5/2016,1
31/5/2016,1
1/6/2016,1
2/6/2016,1
3/6/2016,1
4/6/2016,1
5/6/2016,1
6/6/2016,1
7/6/2016,1
8/6/2016,1
9/6/2016,1
10/6/2016,1
11/6/2016,1
12/6/2016,1
13/6/2016,1
14/6/2016,1
15/6/2016,1
16/6/2016,1
17/6/2016,1
18/6/2016,1
19/6/2016,1
20/6/2016,1
21/6/2016,1
22/6/2016,1
23/6/2016,1
24/6/2016,1
25/6/2016,1
26/6/2016,1
27/6/2016,1
28/6/2016,1
29/6/2016,1
30/6/2016,1
1/7/2016,1
2/7/2016,1
3/7/2016,1
4/7/2016,1
5/7/2016,1
6/7/2016,1
7/7/2016,1
8/7/2016,1
9/7/2016,1
10/7/2016,1
11/7/2016,1
12/7/2016,1
13/7/2016,1
14/7/2016,1
15/7/2016,1
16/7/2016,1
17/7/2016,1
18/7/2016,1
19/7/2016,1
20/7/2016,1
21/7/2016,1
22/7/2016,1
23/7/2016,1
24/7/2016,1
25/7/2016,1
26/7/2016,1
27/7/2016,1
28/7/2016,1
29/7/2016,1
30/7/2016,1
31/7/2016,1
1/8/2016,1
2/8/2016,1
3/8/2016,1
4/8/2016,1
5/8/2016,1
6/8/2016,1
7/8/2016,1
8/8/2016,1
9/8/2016,1
10/8/2016,1
11/8/2016,1
12/8/2016,1
13/8/2016,1
14/8/2016,1
15/8/2016,1
16/8/2016,1
17/8/2016,1
18/8/2016,1
19/8/2016,1
20/8/2016,1
21/8/2016,1
22/8/2016,1
23/8/2016,1
24/8/2016,1
25/8/2016,1
26/8/2016,1
27/8/2016,1
28/8/2016,1
29/8/2016,1
30/8/2016,1
31/8/2016,1
1/9/2016,1
2/9/2016,1
3/9/2016,1
4/9/2016,1
5/9/2016,1
6/9/2016,1
7/9/2016,1
8/9/2016,1
9/9/2016,1
10/9/2016,1
11/9/2016,1
12/9/2016,1
13/9/2016,1
14/9/2016,1
15/9/2016,1
16/9/2016,1
17/9/2016,1
18/9/2016,1
19/9/2016,1
20/9/2016,1
21/9/2016,1
22/9/2016,1
23/9/2016,1
24/9/2016,1
25/9/2016,1
26/9/2016,1
27/9/2016,1
28/9/2016,1
29/9/2016,1
30/9/2016,1
1/10/2016,1
2/10/2016,1
3/10/2016,1
4/10/2016,1
5/10/2016,1
6/10/2016,1
7/10/2016,1
8/10/2016,1
9/10/2016,1
10/10/2016,1
11/10/2016,1
12/10/2016,1
13/10/2016,1
14/10/2016,1
15/10/2016,1
16/10/2016,0
17/10/2016,0
18/10/2016,0
19/10/2016,0
20/10/2016,0
21/10/2016,1
22/10/2016,1
23/10/2016,1
24/10/2016,1
25/10/2016,1
26/10/2016,1
27/10/2016,1
28/10/2016,1
29/10/2016,1
30/10/2016,1
31/10/2016,1
1/11/2016,1
2/11/2016,1
3/11/2016,1
4/11/2016,1
5/11/2016,1
6/11/2016,1
7/11/2016,1
8/11/2016,1
9/11/2016,1
10/11/2016,1
11/11/2016,1
12/11/2016,1
13/11/2016,1
14/11/2016,1
15/11/2016,1
16/11/2016,1
17/11/2016,1
18/11/2016,1
19/11/2016,1
20/11/2016,1
21/11/2016,1
22/11/2016,1
23/11/2016,1
24/11/2016,1
25/11/2016,1
26/11/2016,1
27/11/2016,1
28/11/2016,1
29/11/2016,1
30/11/2016,1
1/12/2016,1
2/12/2016,1
3/12/2016,1
4/12/2016,1
5/12/2016,1
6/12/2016,1
7/12/2016,1
8/12/2016,1
9/12/2016,1
10/12/2016,1
11/12/2016,1
12/12/2016,1
13/12/2016,1
14/12/2016,1
15/12/2016,1
16/12/2016,1
17/12/2016,1
18/12/2016,1
19/12/2016,1
20/12/2016,1
21/12/2016,1
22/12/2016,1
23/12/2016,1
24/12/2016,1
25/12/2016,1
26/12/2016,1
27/12/2016,1
28/12/2016,1
29/12/2016,1
30/12/2016,1
31/12/2016,1
1/1/2017,0
2/1/2017,0
3/1/2017,0
4/1/2017,0
5/1/2017,0
6/1/2017,0
7/1/2017,0
8/1/2017,0
9/1/2017,0
10/1/2017,0
11/1/2017,0
12/1/2017,0
13/1/2017,0
14/1/2017,0
15/1/2017,0
16/1/2017,0
17/1/2017,0
18/1/2017,0
19/1/2017,0
20/1/2017,0
21/1/2017,0
22/1/2017,0
23/1/2017,0
24/1/2017,0
25/1/2017,0
26/1/2017,0
27/1/2017,0
28/1/2017,0
29/1/2017,0
30/1/2017,0
31/1/2017,0
1/2/2017,0
2/2/2017,0
3/2/2017,0
4/2/2017,0
5/2/2017,0
6/2/2017,0
7/2/2017,0
8/2/2017,0
9/2/2017,0
10/2/2017,0
11/2/2017,0
12/2/2017,0
13/2/2017,0
14/2/2017,0
15/2/2017,0
16/2/2017,0
17/2/2017,1
18/2/2017,1
19/2/2017,1
20/2/2017,1
21/2/2017,1
22/2/2017,1
23/2/2017,1
24/2/2017,1
25/2/2017,1
26/2/2017,1
27/2/2017,1
28/2/2017,1
1/3/2017,1
2/3/2017,1
3/3/2017,1
4/3/2017,1
5/3/2017,1
6/3/2017,1
7/3/2017,1
8/3/2017,0
9/3/2017,0
10/3/2017,0
11/3/2017,0
12/3/2017,0
13/3/2017,0
14/3/2017,0
15/3/2017,0
16/3/2017,0
17/3/2017,0
18/3/2017,0
19/3/2017,0
20/3/2017,0
21/3/2017,0
22/3/2017,0
23/3/2017,0
24/3/2017,0
25/3/2017,0
26/3/2017,0
27/3/2017,0
28/3/2017,0
29/3/2017,0
30/3/2017,0
31/3/2017,0
1/4/2017,0
2/4/2017,0
3/4/2017,0
4/4/2017,0
5/4/2017,0
6/4/2017,0
7/4/2017,0
8/4/2017,0
9/4/2017,0
10/4/2017,1
11/4/2017,1
12/4/2017,1
13/4/2017,1
14/4/2017,1
15/4/2017,1
16/4/2017,1
17/4/2017,1
18/4/2017,1
19/4/2017,1
20/4/2017,1
21/4/2017,1
22/4/2017,1
23/4/2017,1
24/4/2017,1
25/4/2017,1
26/4/2017,1
27/4/2017,1
28/4/2017,1
29/4/2017,1
30/4/2017,1
1/5/2017,1
2/5/2017,1
3/5/2017,1
4/5/2017,1
5/5/2017,1
6/5/2017,1
7/5/2017,1
8/5/2017,1
9/5/2017,1
10/5/2017,1
11/5/2017,1
12/5/2017,1
13/5/2017,1
14/5/2017,1
15/5/2017,1
16/5/2017,1
17/5/2017,1
18/5/2017,1
19/5/2017,1
20/5/2017,1
21/5/2017,1
22/5/2017,1
23/5/2017,1
24/5/2017,1
25/5/2017,1
26/5/2017,1
27/5/2017,1
28/5/2017,1
29/5/2017,1
30/5/2017,1
31/5/2017,1
1/6/2017,1
2/6/2017,1
3/6/2017,1
4/6/2017,1
5/6/2017,1
6/6/2017,1
7/6/2017,1
8/6/2017,1
9/6/2017,1
10/6/2017,1
11/6/2017,1
12/6/2017,1
13/6/2017,1
14/6/2017,1
15/6/2017,1
16/6/2017,1
17/6/2017,1
18/6/2017,1
19/6/2017,1
20/6/2017,1
21/6/2017,1
22/6/2017,1
23/6/2017,1
24/6/2017,1
25/6/2017,1
26/6/2017,1
27/6/2017,1
28/6/2017,1
29/6/2017,1
30/6/2017,1
1/7/2017,1
2/7/2017,1
3/7/2017,1
4/7/2017,1
5/7/2017,1
6/7/2017,1
7/7/2017,1
8/7/2017,1
9/7/2017,1
10/7/2017,1
11/7/2017,1
12/7/2017,1
13/7/2017,1
14/7/2017,1
15/7/2017,1
16/7/2017,1
17/7/2017,1
18/7/2017,0
19/7/2017,0
20/7/2017,0
21/7/2017,0
22/7/2017,0
23/7/2017,0
24/7/2017,0
25/7/2017,0
26/7/2017,0
27/7/2017,0
28/7/2017,0
29/7/2017,0
30/7/2017,0
31/7/2017,0
1/8/2017,0
2/8/2017,0
3/8/2017,0
4/8/2017,0
5/8/2017,0
6/8/2017,0
7/8/2017,0
8/8/2017,0
9/8/2017,0
10/8/2017,0
11/8/2017,0
12/8/2017,0
13/8/2017,0
14/8/2017,0
15/8/2017,0
16/8/2017,0
17/8/2017,0
18/8/2017,0
19/8/2017,0
20/8/2017,0
21/8/2017,0
22/8/2017,0
23/8/2017,0
24/8/2017,0
25/8/2017,0
26/8/2017,0
27/8/2017,0
28/8/2017,0
29/8/2017,0
30/8/2017,0
31/8/2017,1
1/9/2017,1
2/9/2017,1
3/9/2017,1
4/9/2017,1
5/9/2017,1
6/9/2017,1
7/9/2017,1
8/9/2017,1
9/9/2017,1
10/9/2017,1
11/9/2017,1
12/9/2017,1
13/9/2017,1
14/9/2017,1
15/9/2017,1
16/9/2017,1
17/9/2017,1
18/9/2017,1
19/9/2017,1
20/9/2017,1
21/9/2017,1
22/9/2017,1
23/9/2017,1
24/9/2017,1
25/9/2017,1
26/9/2017,1
27/9/2017,1
28/9/2017,1
29/9/2017,1
30/9/2017,1
1/10/2017,1
2/10/2017,1
3/10/2017,1
4/10/2017,1
5/10/2017,1
6/10/2017,1
7/10/2017,1
8/10/2017,1
9/10/2017,1
10/10/2017,1
11/10/2017,1
12/10/2017,1
13/10/2017,1
14/10/2017,1
15/10/2017,1
16/10/2017,1
17/10/2017,1
18/10/2017,1
19/10/2017,1
20/10/2017,1
21/10/2017,1
22/10/2017,1
23/10/2017,1
24/10/2017,1
25/10/2017,1
26/10/2017,1
27/10/2017,1
28/10/2017,1
29/10/2017,1
30/10/2017,1
31/10/2017,1
1/11/2017,1
2/11/2017,1
3/11/2017,1
4/11/2017,1
5/11/2017,1
6/11/2017,1
7/11/2017,1
8/11/2017,1
9/11/2017,1
10/11/2017,1
11/11/2017,1
12/11/2017,1
13/11/2017,1
14/11/2017,1
15/11/2017,1
16/11/2017,1
17/11/2017,1
18/11/2017,1
19/11/2017,1
20/11/2017,1
21/11/2017,1
22/11/2017,1
23/11/2017,1
24/11/2017,1
25/11/2017,1
26/11/2017,1
27/11/2017,1
28/11/2017,1
29/11/2017,1
30/11/2017,1
1/12/2017,1
2/12/2017,0
3/12/2017,0
4/12/2017,0
5/12/2017,0
6/12/2017,0
7/12/2017,0
8/12/2017,0
9/12/2017,0
10/12/2017,0
11/12/2017,0
12/12/2017,0
13/12/2017,0
14/12/2017,0
15/12/2017,0
16/12/2017,0
17/12/2017,0
18/12/2017,0
19/12/2017,0
20/12/2017,0
21/12/2017,0
22/12/2017,0
23/12/2017,0
24/12/2017,0
25/12/2017,0
26/12/2017,0
27/12/2017,0
28/12/2017,0
29/12/2017,0
30/12/2017,0
31/12/2017,0
1/1/2018,0
2/1/2018,0
3/1/2018,0
4/1/2018,0
5/1/2018,0
6/1/2018,0
7/1/2018,0
8/1/2018,0
9/1/2018,0
10/1/2018,0
11/1/2018,0
12/1/2018,0
13/1/2018,0
14/1/2018,0
15/1/2018,0
16/1/2018,0
17/1/2018,0
18/1/2018,0
19/1/2018,0
20/1/2018,0
21/1/2018,0
22/1/2018,0
23/1/2018,0
24/1/2018,0
25/1/2018,0
26/1/2018,0
27/1/2018,0
28/1/2018,0
29/1/2018,0
30/1/2018,0
31/1/2018,0
1/2/2018,0
2/2/2018,0
3/2/2018,0
4/2/2018,0
5/2/2018,0
6/2/2018,0
7/2/2018,0
8/2/2018,0
9/2/2018,0
10/2/2018,0
11/2/2018,0
12/2/2018,0
13/2/2018,0
14/2/2018,0
15/2/2018,0
16/2/2018,0
17/2/2018,0
18/2/2018,0
19/2/2018,0
20/2/2018,0
21/2/2018,0
22/2/2018,0
23/2/2018,0
24/2/2018,0
25/2/2018,0
26/2/2018,0
27/2/2018,0
28/2/2018,0
1/3/2018,0
2/3/2018,0
3/3/2018,0
4/3/2018,0
5/3/2018,0
6/3/2018,0
7/3/2018,0
8/3/2018,1
9/3/2018,1
10/3/2018,1
11/3/2018,1
12/3/2018,1
13/3/2018,1
14/3/2018,1
15/3/2018,1
16/3/2018,1
17/3/2018,1
18/3/2018,1
19/3/2018,1
20/3/2018,1
21/3/2018,1
22/3/2018,1
23/3/2018,1
24/3/2018,1
25/3/2018,1
26/3/2018,1
27/3/2018,1
28/3/2018,1
29/3/2018,1
30/3/2018,1
31/3/2018,1
1/4/2018,1
2/4/2018,1
3/4/2018,1
4/4/2018,1
5/4/2018,1
6/4/2018,1
7/4/2018,1
8/4/2018,1
9/4/2018,1
10/4/2018,1
11/4/2018,1
12/4/2018,1
13/4/2018,1
14/4/2018,1
15/4/2018,1
16/4/2018,1
17/4/2018,1
18/4/2018,1
19/4/2018,1
20/4/2018,1
21/4/2018,1
22/4/2018,1
23/4/2018,1
24/4/2018,1
25/4/2018,1
26/4/2018,1
27/4/2018,1
28/4/2018,1
29/4/2018,1
30/4/2018,1
1/5/2018,1
2/5/2018,1
3/5/2018,1
4/5/2018,1
5/5/2018,1
6/5/2018,1
7/5/2018,1
8/5/2018,1
9/5/2018,1
10/5/2018,1
11/5/2018,1
12/5/2018,1
13/5/2018,1
14/5/2018,1
15/5/2018,1
16/5/2018,1
17/5/2018,1
18/5/2018,1
19/5/2018,1
20/5/2018,1
21/5/2018,1
22/5/2018,1
23/5/2018,1
24/5/2018,1
25/5/2018,1
26/5/2018,1
27/5/2018,1
28/5/2018,1
29/5/2018,1
30/5/2018,1
31/5/2018,1
1/6/2018,1
2/6/2018,1
3/6/2018,1
4/6/2018,1
5/6/2018,1
6/6/2018,1
7/6/2018,1
8/6/2018,1
9/6/2018,1
10/6/2018,1
11/6/2018,1
12/6/2018,1
13/6/2018,1
14/6/2018,1
15/6/2018,1
16/6/2018,1
17/6/2018,1
18/6/2018,1
19/6/2018,1
20/6/2018,1
21/6/2018,1
22/6/2018,1
23/6/2018,1
24/6/2018,1
25/6/2018,1
26/6/2018,1
27/6/2018,1
28/6/2018,1
29/6/2018,1
30/6/2018,1
1/7/2018,1
2/7/2018,1
3/7/2018,1
4/7/2018,1
5/7/2018,1
6/7/2018,1
7/7/2018,1
8/7/2018,1
9/7/2018,1
10/7/2018,1
11/7/2018,1
12/7/2018,1
13/7/2018,1
14/7/2018,1
15/7/2018,1
16/7/2018,1
17/7/2018,1
18/7/2018,1
19/7/2018,1
20/7/2018,1
21/7/2018,1
22/7/2018,1
23/7/2018,1
24/7/2018,1
25/7/2018,1
26/7/2018,1
27/7/2018,1
28/7/2018,1
29/7/2018,1
30/7/2018,1
31/7/2018,1
1/8/2018,1
2/8/2018,1
3/8/2018,1
4/8/2018,1
5/8/2018,0
6/8/2018,0
7/8/2018,0
8/8/2018,0
9/8/2018,0
10/8/2018,0
11/8/2018,0
12/8/2018,0
13/8/2018,0
14/8/2018,0
15/8/2018,0
16/8/2018,0
17/8/2018,0
18/8/2018,0
19/8/2018,0
20/8/2018,0
21/8/2018,0
22/8/2018,0
23/8/2018,0
24/8/2018,0
25/8/2018,0
26/8/2018,0
27/8/2018,0
28/8/2018,0
29/8/2018,0
30/8/2018,0
31/8/2018,0
1/9/2018,0
2/9/2018,0
3/9/2018,0
4/9/2018,0
5/9/2018,0
6/9/2018,0
7/9/2018,0
8/9/2018,0
9/9/2018,0
10/9/2018,0
11/9/2018,0
12/9/2018,0
13/9/2018,0
14/9/2018,0
15/9/2018,0
16/9/2018,0
17/9/2018,0
18/9/2018,0
19/9/2018,0
20/9/2018,0
21/9/2018,0
22/9/2018,0
23/9/2018,0
24/9/2018,0
25/9/2018,0
26/9/2018,0
27/9/2018,0
28/9/2018,0
29/9/2018,0
30/9/2018,0
1/10/2018,0
2/10/2018,0
3/10/2018,0
4/10/2018,0
5/10/2018,0
6/10/2018,0
7/10/2018,0
8/10/2018,0
9/10/2018,0
10/10/2018,0
11/10/2018,0
12/10/2018,0
13/10/2018,0
14/10/2018,0
15/10/2018,0
16/10/2018,0
17/10/2018,0
18/10/2018,0
19/10/2018,0
20/10/2018,0
21/10/2018,0
22/10/2018,0
23/10/2018,0
24/10/2018,0
25/10/2018,0
26/10/2018,0
27/10/2018,0
28/10/2018,0
29/10/2018,0
30/10/2018,0
31/10/2018,0
1/11/2018,0
2/11/2018,0
3/11/2018,0
4/11/2018,0
5/11/2018,0
6/11/2018,0
7/11/2018,0
8/11/2018,0
9/11/2018,0
10/11/2018,0
11/11/2018,0
12/11/2018,0
13/11/2018,0
14/11/2018,0
15/11/2018,0
16/11/2018,0
17/11/2018,0
18/11/2018,0
19/11/2018,0
20/11/2018,0
21/11/2018,0
22/11/2018,0
23/11/2018,0
24/11/2018,0
25/11/2018,0
26/11/2018,0
27/11/2018,0
28/11/2018,0
29/11/2018,0
30/11/2018,0
1/12/2018,0
2/12/2018,0
3/12/2018,0
4/12/2018,0
5/12/2018,0
6/12/2018,0
7/12/2018,0
8/12/2018,0
9/12/2018,0
10/12/2018,0
11/12/2018,0
12/12/2018,0
13/12/2018,0
14/12/2018,0
15/12/2018,0
16/12/2018,0
17/12/2018,0
18/12/2018,0
19/12/2018,0
20/12/2018,0
21/12/2018,0
22/12/2018,0
23/12/2018,0
24/12/2018,0
25/12/2018,0
26/12/2018,0
27/12/2018,0
28/12/2018,0
29/12/2018,0
30/12/2018,0
31/12/2018,0
1/1/2019,0
2/1/2019,0
3/1/2019,0
4/1/2019,0
5/1/2019,0
6/1/2019,0
7/1/2019,0
8/1/2019,0
9/1/2019,0
10/1/2019,0
11/1/2019,0
12/1/2019,0
13/1/2019,0
14/1/2019,0
15/1/2019,0
16/1/2019,0
17/1/2019,0
18/1/2019,0
19/1/2019,0
20/1/2019,0
21/1/2019,0
22/1/2019,0
23/1/2019,0
24/1/2019,0
25/1/2019,0
26/1/2019,0
27/1/2019,0
28/1/2019,0
29/1/2019,0
30/1/2019,0
31/1/2019,0
1/2/2019,0
2/2/2019,0
3/2/2019,0
4/2/2019,0
5/2/2019,0
6/2/2019,0
7/2/2019,0
8/2/2019,0
9/2/2019,0
10/2/2019,0
11/2/2019,0
12/2/2019,0
13/2/2019,0
14/2/2019,0
15/2/2019,0
16/2/2019,0
17/2/2019,0
18/2/2019,0
19/2/2019,0
20/2/2019,0
21/2/2019,0
22/2/2019,0
23/2/2019,0
24/2/2019,0
25/2/2019,0
26/2/2019,0
27/2/2019,0
28/2/2019,0
1/3/2019,0
2/3/2019,0
3/3/2019,0